#{"t_start": 1782756049.0090148, "env_id": "None"}
r,l,t,is_success,episode_cost,episode_base_reward,episode_shaped_reward,episode_collision,episode_crash_vehicle,episode_crash_object,episode_out_of_road,episode_route_completion,episode_length,episode_mean_speed,episode_mean_lane_deviation,episode_max_lane_deviation,episode_steering_variation,episode_accel_variation,episode_jerk,episode_ttc_risk,episode_min_ttc,shield_intervention,shield_soft,shield_hard,overspeed_guard,shield_intervention_rate,shield_soft_rate,shield_hard_rate,overspeed_guard_rate,curriculum_stage
-100.597485,600,2.457321,0.0,0.0,5.859344732676558,-100.59748504325877,0.0,0.0,0.0,0.0,0.08690870665203912,600,0.7314589251096334,0.1209524221435064,0.32001973075441964,0.8195494669427474,0.8663226754715045,0.6539937460049987,0.0,nan,0,0,0,0,0.0,0.0,0.0,0.0,0.0
-110.381841,600,4.973335,0.0,0.0,5.618862670533389,-110.38184102911912,0.0,0.0,0.0,0.0,0.0923212104755808,600,0.6999989355384574,0.19756246483229836,0.43965674141590744,0.8447186834861835,0.8269216541573405,0.642101285631458,0.0,nan,0,0,0,0,0.0,0.0,0.0,0.0,0.0
-87.055978,600,6.438783,0.0,0.0,9.168321923348667,-87.05597760718534,0.0,0.0,0.0,0.0,0.11581491217565815,600,0.8786409039172438,0.030286077240306276,0.1951277244500801,0.8502980376469592,0.8367439897730946,0.6431549411515395,0.0,nan,0,0,0,0,0.0,0.0,0.0,0.0,0.0
-135.474735,600,8.755786,0.0,0.0,6.5383402206333,-135.47473465045945,0.0,0.0,0.0,0.0,0.1370535035326301,600,0.7907367238633528,0.28518339621696087,0.8270562869760827,0.8174452842772006,0.8222345086808006,0.6281448120623827,0.0,nan,0,0,0,0,0.0,0.0,0.0,0.0,0.0
-99.8092,600,10.347691,0.0,0.0,9.832388681683945,-99.80920042500806,0.0,0.0,0.0,0.0,0.1254261203741289,600,0.9417705939581975,0.14563304607012986,0.5536491761003028,0.8253906154756745,0.7881808464353284,0.6641096497078737,0.0,nan,0,0,0,0,0.0,0.0,0.0,0.0,0.0
-167.193321,600,12.756682,0.0,0.0,7.631220318978214,-167.1933205471207,0.0,0.0,0.0,0.0,0.15529460926859504,600,1.0829905568431633,0.44095874564585386,0.9934743519855668,0.8242634565010667,0.7774146305769682,0.5826410293579102,0.0,nan,0,0,0,0,0.0,0.0,0.0,0.0,0.0
-93.687864,600,15.114892,0.0,0.0,12.263628157210956,-93.68786430545762,0.0,0.0,0.0,0.0,0.18110372204872274,600,1.1038109599216865,0.15417845999416385,0.6736846183175231,0.7986047452005247,0.8265752509236336,0.6374894434213638,0.0,nan,0,0,0,0,0.0,0.0,0.0,0.0,0.0
-75.487763,600,16.690331,0.0,0.0,15.470698098704128,-75.48776274836693,0.0,0.0,0.0,0.0,0.17905508742297627,600,1.2373567167899897,0.10947574655978842,0.23505684415403816,0.8221892833026747,0.7969542863965035,0.5796721295515697,0.0,nan,0,0,0,0,0.0,0.0,0.0,0.0,0.0
-221.641593,600,19.017205,0.0,0.0,8.536674471473166,-221.64159254369162,0.0,0.0,0.0,0.0,0.19882744594751708,600,1.4941598099278464,0.5524874530553912,1.555761411700178,0.8354488460533321,0.7185600849986077,0.5908422400057316,0.0,nan,0,0,0,0,0.0,0.0,0.0,0.0,0.0
-146.012533,600,20.70975,0.0,0.0,10.193460249650265,-146.01253326072424,0.0,0.0,0.0,0.0,0.21066010962533674,600,1.2905780026504003,0.419529234903871,0.9903094887165244,0.7887396891787648,0.783311568175753,0.6116830599308014,0.0,nan,0,0,0,0,0.0,0.0,0.0,0.0,0.0
-817.581655,600,23.150434,0.0,0.0,4.899639277288202,-817.5816545104764,0.0,0.0,0.0,0.0,0.20633194983386827,600,1.5232123006837526,1.414676247729636,2.0,0.8235755112022162,0.7088424938420455,0.5719922485947609,0.0,nan,0,0,0,0,0.0,0.0,0.0,0.0,0.0
-170.876754,600,25.528867,0.0,0.0,10.656886573790976,-170.87675352977962,0.0,0.0,0.0,0.0,0.20234510469440817,600,1.5259859695200266,0.4831223169699741,1.045610953931856,0.8115298200771213,0.7419910592089096,0.5739745774368445,0.0,nan,0,0,0,0,0.0,0.0,0.0,0.0,0.0
-204.863826,383,26.641399,0.0,1.0,-2.2740900963331505,-204.8638258418323,0.0,0.0,0.0,1.0,0.2039047405336049,383,1.7897269863639487,0.4722449492067665,1.0410040030063452,0.815803349484974,0.7074607962416607,0.5584816447126025,0.0,nan,0,0,0,0,0.0,0.0,0.0,0.0,0.0
-268.682734,548,28.227519,0.0,1.0,-0.12755783796003684,-268.6827340304275,0.0,0.0,0.0,1.0,0.19823374553346812,548,1.6325805779214189,0.5355441584332491,1.0349928111110787,0.8171818992055028,0.7180457173635925,0.5817761372258193,0.0,nan,0,0,0,0,0.0,0.0,0.0,0.0,0.0
-155.538815,600,30.802624,0.0,0.0,15.637565329027312,-155.5388150221556,0.0,0.0,0.0,0.0,0.2550991450637757,600,1.8315405300197725,0.45564043242078905,0.999051449092671,0.8345718866276244,0.6902121968070666,0.5142021661996842,0.0,nan,0,0,0,0,0.0,0.0,0.0,0.0,0.0
-63.857169,600,33.441126,0.0,0.0,24.680032367907394,-63.85716862893136,0.0,0.0,0.0,0.0,0.36922913204040286,600,1.9841428374254797,0.20531293854609897,0.6392055861882359,0.8190844732150435,0.695021753112475,0.5753481896718343,0.0,nan,0,0,0,0,0.0,0.0,0.0,0.0,0.0
-120.807892,600,35.127089,0.0,0.0,14.742675750464342,-120.80789166739578,0.0,0.0,0.0,0.0,0.25271165576870946,600,1.6186269253557986,0.35535381306544744,0.9936534159815837,0.8347399716544897,0.6978285844624043,0.5844518913825353,0.0,nan,0,0,0,0,0.0,0.0,0.0,0.0,0.0
-184.894145,354,36.928566,0.0,1.0,-1.880764164531847,-184.89414463828598,0.0,0.0,0.0,1.0,0.1792543747438582,354,1.8953934239464039,0.4593521788996816,1.0450750502466752,0.837097532815684,0.598202127521321,0.5392294472220254,0.0,nan,0,0,0,0,0.0,0.0,0.0,0.0,0.0
-589.668484,600,38.758443,0.0,0.0,8.359822063435626,-589.6684842254214,0.0,0.0,0.0,0.0,0.3770481737746199,600,2.2087681472682847,1.084179838186493,2.0,0.8568668114518125,0.6605429425338905,0.5560538201530775,0.0,nan,0,0,0,0,0.0,0.0,0.0,0.0,0.0
-110.78724,600,41.370723,0.0,0.0,16.206872390696127,-110.78723998711925,0.0,0.0,0.0,0.0,0.21947670952934692,600,1.5652555055758164,0.3160997604177909,0.7475285417110373,0.8037458593087892,0.732049486041069,0.5948502482970556,0.0,nan,0,0,0,0,0.0,0.0,0.0,0.0,0.0
-107.27201,600,43.187437,0.0,0.0,17.824276511233283,-107.27200971889052,0.0,0.0,0.0,0.0,0.27104232997987204,600,1.7329621748779875,0.3319450540011881,0.7820954008750373,0.7960814936396976,0.7321499514083067,0.5208504075805346,0.0,nan,0,0,0,0,0.0,0.0,0.0,0.0,0.0
-67.634079,600,45.709949,0.0,0.0,22.972271268806388,-67.63407855310324,0.0,0.0,0.0,0.0,0.28630555192247753,600,1.885255204149078,0.1803003863298594,0.5613142318988011,0.8074089128151536,0.6812940899034341,0.5478607300917308,0.0,nan,0,0,0,0,0.0,0.0,0.0,0.0,0.0
-107.405912,600,47.557225,0.0,0.0,16.41451403491283,-107.40591150736624,0.0,0.0,0.0,0.0,0.21534797774951278,600,1.4573185130801327,0.27714285958235224,0.9984912089336406,0.8046360896962385,0.714956088612477,0.5731076808770498,0.0,nan,0,0,0,0,0.0,0.0,0.0,0.0,0.0
-160.805861,600,50.021965,0.0,0.0,17.086505234808705,-160.80586147449867,0.0,0.0,0.0,0.0,0.26047877789381435,600,1.8170783047019274,0.48921712721799565,0.9999676902023388,0.8199136479571462,0.7008054784933726,0.5434895472725233,0.0,nan,0,0,0,0,0.0,0.0,0.0,0.0,0.0
-103.154068,600,52.611204,0.0,0.0,19.551347192579556,-103.15406751454177,0.0,0.0,0.0,0.0,0.31407496505426347,600,1.852850586244012,0.28596693763061165,0.9938983650402279,0.8377547285209099,0.6461251852164666,0.5359928001463413,0.0,nan,0,0,0,0,0.0,0.0,0.0,0.0,0.0
-98.04314,600,54.287707,0.0,0.0,21.26625315426966,-98.04314007024944,0.0,0.0,0.0,0.0,0.3488482589242457,600,2.3195684336430586,0.3529432277632072,0.9962633690389734,0.8179673039664824,0.6526953203976155,0.4953287097811699,0.0,nan,0,0,0,0,0.0,0.0,0.0,0.0,0.0
-128.414229,600,56.788498,0.0,0.0,22.216602958584115,-128.41422926679587,0.0,0.0,0.0,0.0,0.36516237529109924,600,2.7331000565900583,0.5400838813629731,0.9910841538129213,0.8138301721649865,0.6014214600125949,0.504809491634369,0.0,nan,0,0,0,0,0.0,0.0,0.0,0.0,0.0
-87.247758,600,58.687343,0.0,0.0,32.602063089960645,-87.24775757848245,0.0,0.0,0.0,0.0,0.4096719696863982,600,2.9667838934238566,0.39720173241020745,0.8959525767206215,0.811131549552083,0.5966936326523622,0.4910973160465558,0.0,nan,0,0,0,0,0.0,0.0,0.0,0.0,0.0
-179.595152,382,60.528243,0.0,1.0,-0.0970722292554651,-179.59515180733592,0.0,0.0,0.0,1.0,0.2658971789325019,382,2.594308666400792,0.46189726163539613,1.0245999058490203,0.7743140193804396,0.6536920089372166,0.5161146006659063,0.0,nan,0,0,0,0,0.0,0.0,0.0,0.0,0.0
-109.848399,600,62.477642,0.0,0.0,29.49997776380226,-109.84839887091744,0.0,0.0,0.0,0.0,0.48857452906270826,600,3.445250581689758,0.4849195328824377,0.9996902593264496,0.8234856686492761,0.5385422832270463,0.4496795165538788,0.0,nan,0,0,0,0,0.0,0.0,0.0,0.0,0.0
-35.776839,600,65.11923,0.0,0.0,41.91042898956932,-35.77683905212855,0.0,0.0,0.0,0.0,0.5156425723855688,600,3.6705959769565606,0.25943791292830787,0.9929214150054814,0.8019904714496806,0.5093458617230257,0.4207650152842204,0.0,nan,0,0,0,0,0.0,0.0,0.0,0.0,0.0
-170.300562,233,65.886324,0.0,1.0,-6.554892553520976,-170.30056192300984,0.0,0.0,0.0,1.0,0.17758009441531544,233,2.502822327600727,0.6037773462744709,1.0341814289548057,0.8087510382157027,0.5807130945598619,0.5319675672719407,0.0,nan,0,0,0,0,0.0,0.0,0.0,0.0,0.0
-60.673979,600,68.515805,0.0,0.0,34.33727872016245,-60.67397888618583,0.0,0.0,0.0,0.0,0.48180911893076794,600,3.4974224852452154,0.3372237827721396,0.9982646036905769,0.80217156579718,0.5348815664152304,0.4429798651734988,0.0,nan,0,0,0,0,0.0,0.0,0.0,0.0,0.0
-48.200686,600,70.302588,0.0,0.0,41.28204398982418,-48.200685670022885,0.0,0.0,0.0,0.0,0.5104781377198256,600,3.7284475030873674,0.3042156500022336,0.9986631789994713,0.7851746276890238,0.5085802462200324,0.45718253165483475,0.0,nan,0,0,0,0,0.0,0.0,0.0,0.0,0.0
-26.323459,600,72.833238,0.0,0.0,49.93766611907536,-26.323459033019233,0.0,0.0,0.0,0.0,0.7124148688759856,600,4.197947719268729,0.3067905588249631,0.9985606624432504,0.7590888881062468,0.4872042566537857,0.43026822368303935,0.0,nan,0,0,0,0,0.0,0.0,0.0,0.0,0.0
-52.677095,600,75.385931,0.0,0.0,38.6082951699589,-52.67709543010437,0.0,0.0,0.0,0.0,0.7060381250423302,600,3.76518186619869,0.39007650102598795,0.8082695234701506,0.769592190720141,0.5383142959078153,0.46804652114709216,0.0,nan,0,0,0,0,0.0,0.0,0.0,0.0,0.0
37.586953,711,78.719129,1.0,0.0,84.84693770439613,37.586953271223,0.0,0.0,0.0,0.0,0.9473535564321941,711,4.50654741092553,0.27101771931875435,0.9885089126787411,0.7957042291021674,0.4908385330866158,0.4188865574938671,0.0,nan,0,0,0,0,0.0,0.0,0.0,0.0,1.0
-51.049572,800,83.241972,0.0,0.0,66.25991581511576,-51.04957153097988,0.0,0.0,0.0,0.0,0.2627288479701475,800,4.449725289789732,0.30386197298378675,0.8833272127005122,0.8160737425182014,0.48959257066249845,0.39792926862835887,0.0,nan,0,0,0,0,0.0,0.0,0.0,0.0,1.0
-155.342948,800,88.032445,0.0,0.0,45.177903829481934,-155.3429476976359,0.0,0.0,0.0,0.0,0.2195147453200204,800,3.915865052408918,0.4831004345587042,1.2972147175664264,0.7809089843556285,0.4821113131940365,0.42454778209328653,0.0,nan,0,0,0,0,0.0,0.0,0.0,0.0,1.0
-166.11807,561,90.439896,0.0,1.0,32.97438013656054,-166.1180697966812,0.0,0.0,0.0,1.0,0.371645045377666,561,5.734370701108431,0.4021450867070524,1.4755839547726473,0.7052298128711136,0.4616663822515763,0.3898974130072908,0.0,nan,0,0,0,0,0.0,0.0,0.0,0.0,1.0
-8.98854,600,94.207597,0.0,0.0,80.30432423086765,-8.98853978213073,0.0,0.0,0.0,0.0,0.4834694369404286,600,6.899457559670186,0.3085148632694214,0.9970837436553082,0.7710556321715315,0.4194688615202904,0.38231095880270005,0.0,nan,0,0,0,0,0.0,0.0,0.0,0.0,0.0
-2.320386,600,96.101613,0.0,0.0,61.82952808118004,-2.320385837798779,0.0,0.0,0.0,0.0,0.6524942756699054,600,4.89246240331649,0.22828843851135963,0.8646026374443712,0.714013089388609,0.48298311680555345,0.410517271955808,0.0,nan,0,0,0,0,0.0,0.0,0.0,0.0,0.0
-23.282145,600,98.596854,0.0,0.0,48.731856232912634,-23.2821449770916,0.0,0.0,0.0,0.0,0.7158101487808679,600,4.28041765669582,0.28600739942842845,0.8568209623777303,0.7577924943715334,0.4809159462650617,0.4217656089862188,0.0,nan,0,0,0,0,0.0,0.0,0.0,0.0,0.0
48.167441,568,101.566694,1.0,0.0,88.73867985892566,48.167441272638925,0.0,0.0,0.0,0.0,0.9551935350856325,568,6.4272907863582205,0.3439145788642473,0.9963991722522472,0.7295993712638885,0.44684221910339006,0.3811258836321428,0.0,nan,0,0,0,0,0.0,0.0,0.0,0.0,1.0
3.074062,800,106.167809,0.0,0.0,109.66753008602437,3.074062120461133,0.0,0.0,0.0,0.0,0.2889675038688455,800,6.547301888165624,0.25558538171939704,0.7365279337233188,0.7068082391121425,0.44244916550815105,0.3678753089904785,0.0,6.2182979065622135,0,0,0,0,0.0,0.0,0.0,0.0,1.0
38.289446,800,111.03106,0.0,0.0,149.651601940421,38.28944561360165,0.0,0.0,0.0,0.0,0.4343861191756399,800,8.548348102014407,0.23327586618784807,0.7980668901226524,0.6986156454402953,0.4087051871418953,0.3303197468072176,0.0,nan,0,0,0,0,0.0,0.0,0.0,0.0,1.0
-421.860553,800,115.88602,0.0,0.0,32.07246570769483,-421.86055345043974,0.0,0.0,0.0,0.0,0.18097980043522163,800,3.454877703379777,0.8580211762543624,1.2016867123895614,0.6354912236239761,0.45207061771303414,0.3751600108295679,0.0,nan,0,0,0,0,0.0,0.0,0.0,0.0,1.0
-22.232376,600,119.284335,0.0,0.0,63.15398079679004,-22.23237627310453,0.0,0.0,0.0,0.0,0.414379723030335,600,5.281684434950693,0.2837875894971848,0.8429340558097344,0.6833218372737367,0.4774343843261401,0.41024872541427615,0.0,nan,0,0,0,0,0.0,0.0,0.0,0.0,0.0
70.190779,490,120.873567,1.0,0.0,84.32169941292597,70.19077902036248,0.0,0.0,0.0,0.0,0.9516272209385372,490,6.931325278454232,0.23747735154920294,0.9907098698465212,0.7132337079212374,0.4365332011057406,0.3730805029674452,0.0,nan,0,0,0,0,0.0,0.0,0.0,0.0,0.0
82.320163,360,121.964622,1.0,0.0,82.69112432689703,82.32016307320441,0.0,0.0,0.0,0.0,0.9467328556822516,360,8.674727305543417,0.24864664268665249,0.9184520574191002,0.7002485846376254,0.43091609080632526,0.36684216062227887,0.0,nan,0,0,0,0,0.0,0.0,0.0,0.0,0.0
48.230814,403,124.420151,1.0,0.0,76.657511390072,48.23081449104525,0.0,0.0,0.0,0.0,0.9503946233765908,403,8.521557110632441,0.38666223694869245,1.1531348061723141,0.6060277986208499,0.4385491424695434,0.33217223007093294,0.0,nan,0,0,0,0,0.0,0.0,0.0,0.0,1.0
19.35114,800,128.905488,0.0,0.0,134.42300432581348,19.351139621661186,0.0,0.0,0.0,0.0,0.5544758073323481,800,8.246817681720065,0.277607428570956,1.0022061149102583,0.637471079453826,0.44197321265935896,0.3983143231272697,0.0,nan,0,0,0,0,0.0,0.0,0.0,0.0,1.0
-97.377757,800,133.208778,0.0,0.0,102.65505414598256,-97.37775688558894,0.0,0.0,0.0,0.0,0.5300793216562264,800,9.198725252507815,0.4831478184283708,2.0,0.6274191596359014,0.3899286336451769,0.33667268611490725,0.0,20.059618680901647,0,0,0,0,0.0,0.0,0.0,0.0,1.0
18.594311,800,138.23665,0.0,0.0,131.03815159544814,18.594311391452766,0.0,0.0,0.0,0.0,0.3622117895049083,800,7.857338258512312,0.23453311794162843,0.7005101110995032,0.6727799348160625,0.4474937764927745,0.38109340459108354,0.0,nan,2,0,0,2,0.0025,0.0,0.0,0.0025,1.0
32.334577,600,142.242541,0.0,0.0,117.71328989750151,32.3345772297053,0.0,0.0,0.0,0.0,0.3048060891965432,600,9.208883702976577,0.21168081586250842,1.0117159086292553,0.6217824100827177,0.3832838714122772,0.35528330395619073,0.0,14.75658455529293,2,0,0,2,0.0033333333333333335,0.0,0.0,0.0033333333333333335,0.0
87.587669,301,143.212816,1.0,0.0,84.71062889266233,87.58766882002318,0.0,0.0,0.0,0.0,0.9486966878888027,301,10.171199446871649,0.22873793143319496,1.3481825804728174,0.6108831752871358,0.40659342453725317,0.3465323246198635,0.0,nan,2,0,0,2,0.006644518272425249,0.0,0.0,0.006644518272425249,0.0
85.664835,500,145.479572,1.0,0.0,105.79861339243239,85.66483546095239,0.0,0.0,0.0,0.0,0.9591276522636063,500,8.090459419922597,0.24256418955555764,0.8102794615882818,0.6601629183962942,0.417000958442688,0.36311034750938415,0.0,nan,0,0,0,0,0.0,0.0,0.0,0.0,0.0
92.456906,279,146.936254,1.0,0.0,88.2482802817922,92.45690631972965,0.0,0.0,0.0,0.0,0.9523746254656835,279,12.765664207682162,0.2581472628825513,0.7886792916161051,0.5794591047003278,0.3476558009356153,0.3156261149273124,0.0,nan,3,0,0,3,0.010752688172043012,0.0,0.0,0.010752688172043012,1.0
59.652302,800,151.746423,0.0,0.0,199.20157174939746,59.65230230713178,0.0,0.0,0.0,0.0,0.6872651617546931,800,12.14166616695458,0.27278645634703924,0.8247090574584823,0.6328008628450335,0.3323133520781994,0.28783791363239286,0.0,nan,2,0,0,2,0.0025,0.0,0.0,0.0025,1.0
40.467863,800,155.889321,0.0,0.0,181.32576053814773,40.467862695494254,0.0,0.0,0.0,0.0,0.5109469557586754,800,11.21227790524457,0.29297103430157984,0.991627506033482,0.6522812538151629,0.31551940239965914,0.2804384147375822,0.0,nan,2,0,0,2,0.0025,0.0,0.0,0.0025,1.0
150.980721,756,161.247016,1.0,0.0,243.14789441211252,150.98072111745554,0.0,0.0,0.0,0.0,0.9824550464688968,756,13.178763267895127,0.20925103282589527,0.843828429752787,0.6328564148849596,0.31934194251027687,0.2895716539135686,0.0,nan,2,0,0,2,0.0026455026455026454,0.0,0.0,0.0026455026455026454,2.0
50.039262,1000,171.096263,0.0,0.0,262.7046994172396,50.03926153760264,0.0,0.0,0.0,0.0,0.5328859427582515,1000,13.927529658669032,0.3270126705118336,0.9911621577446413,0.5866932292431593,0.31669191801548,0.277653994679451,0.0,nan,14,0,0,14,0.014,0.0,0.0,0.014,2.0
-48.735124,815,180.430135,0.0,1.0,218.62487715931934,-48.73512429168812,0.0,0.0,0.0,1.0,0.5716185785943749,815,14.985328683174414,0.30242485715696593,1.052034963067755,0.5968900459035774,0.3198745304821459,0.2747971896013599,0.0,7.560099147859925,10,0,0,10,0.012269938650306749,0.0,0.0,0.012269938650306749,2.0
11.58121,1000,191.218738,0.0,0.0,234.0262998242721,11.58121023106971,0.0,0.0,0.0,0.0,0.7674555359022768,1000,13.781492603559863,0.3958442016615173,0.9919096475674373,0.5803745099082589,0.30593434131145475,0.2841445733308792,0.0,5.175095043505276,30,10,0,20,0.03,0.01,0.0,0.02,2.0
38.238044,800,198.324835,0.0,0.0,215.06783321413886,38.23804422739643,0.0,0.0,0.0,0.0,0.6717433606092775,800,12.399211241162064,0.24637298342827113,0.7595251415306147,0.5885413354635238,0.2947545447945595,0.2678327339142561,0.021051560798972236,0.8617416765342054,42,4,30,8,0.0525,0.005,0.0375,0.01,1.0
138.492606,614,201.824455,1.0,0.0,219.94988853376017,138.4926057560989,0.0,0.0,0.0,0.0,0.9814451180425412,614,15.660056894856629,0.26474421502701817,0.8791307373911351,0.5567564835426085,0.341106594191312,0.2995781396615777,0.0,nan,17,0,0,17,0.02768729641693811,0.0,0.0,0.02768729641693811,1.0
114.851862,800,207.465021,0.0,0.0,288.0184956924407,114.85186150037937,0.0,0.0,0.0,0.0,0.7448128065364928,800,17.074564162639007,0.26029185726147724,0.8439118476437174,0.5421230488969013,0.3380458034574986,0.30563784524798393,0.0,20.561457093362765,55,0,0,55,0.06875,0.0,0.0,0.06875,1.0
169.903327,969,215.208996,1.0,0.0,355.729039628711,169.90332665598643,0.0,0.0,0.0,0.0,0.9894733404833925,969,16.76356195257626,0.2858551508886563,1.1975982089111485,0.5794807860495136,0.33335324866606847,0.3032105494947994,0.0,nan,70,0,0,70,0.07223942208462332,0.0,0.0,0.07223942208462332,2.0
139.346014,1000,225.343677,0.0,0.0,356.4013080439549,139.34601376600475,0.0,0.0,0.0,0.0,0.9702542507920808,1000,16.667610095360065,0.25001932102731755,0.9595796559735473,0.5695077395495027,0.3358754522204399,0.3148315362930298,0.0,5.4253649625981915,86,5,0,81,0.086,0.005,0.0,0.081,2.0
122.384387,1100,235.898723,0.0,0.0,362.02967125651685,122.38438732363093,0.0,0.0,0.0,0.0,0.9715121319155935,1100,16.273267192055048,0.3001821034822065,0.9929771214650388,0.5772825830158862,0.3232713806629181,0.286430582891811,0.0,11.198509415992538,46,0,0,46,0.04181818181818182,0.0,0.0,0.04181818181818182,3.0
155.442631,1100,249.932499,0.0,0.0,392.0818527465192,155.44263139859987,0.0,0.0,0.0,0.0,0.5905138568453926,1100,16.12179854834031,0.21499357977685765,0.9870935630723247,0.5686208708855239,0.3259036607633938,0.2891505924138156,0.0,11.604537123877638,61,0,0,61,0.05545454545454546,0.0,0.0,0.05545454545454546,3.0
90.04098,1100,267.207935,0.0,0.0,367.2759930789118,90.04097968108798,0.0,0.0,0.0,0.0,0.6129401859639684,1100,16.344137271099562,0.2793090237072139,0.9285731867152608,0.5371443033082919,0.345882736065171,0.316550249078057,0.00777227708809839,2.3159312217605468,174,44,14,116,0.15818181818181817,0.04,0.012727272727272728,0.10545454545454545,3.0
64.902753,1100,282.701757,0.0,0.0,363.3720748257994,64.90275318604303,0.0,0.0,0.0,0.0,0.5458516806394762,1100,16.24425238333822,0.2722769198870665,0.983860803478526,0.5261277683671902,0.30193224533037705,0.29202429462562907,0.02207921846182617,0.11781032257189275,115,3,38,74,0.10454545454545454,0.0027272727272727275,0.034545454545454546,0.06727272727272728,3.0
37.893528,1100,300.900892,0.0,0.0,342.5387174915891,37.893527513681036,0.0,0.0,0.0,0.0,0.7048986071249939,1100,14.356064732393936,0.2373551679812524,0.979227796120634,0.5285398960824718,0.3159948319196701,0.3078404185446826,0.033834583218056095,0.41537700418230233,192,44,58,90,0.17454545454545456,0.04,0.05272727272727273,0.08181818181818182,3.0
61.518765,1100,314.539273,0.0,0.0,355.90549793928034,61.51876514307631,0.0,0.0,0.0,0.0,0.8567512553736589,1100,15.836312125771967,0.2829138619294209,0.9831847270292846,0.5597051159529524,0.33868031534281645,0.31388911149718546,0.02199239556670837,0.08879732507747172,130,11,35,84,0.11818181818181818,0.01,0.031818181818181815,0.07636363636363637,3.0
84.044098,1100,329.720652,0.0,0.0,394.45216683449996,84.04409815574927,0.0,0.0,0.0,0.0,0.8123857683070069,1100,15.860793808604123,0.21075951045913582,1.0692881970171275,0.5301281788708134,0.3422482064637271,0.33241498307748274,0.03240872409556437,0.03560101303622806,204,25,49,130,0.18545454545454546,0.022727272727272728,0.04454545454545455,0.11818181818181818,3.0
161.514606,1100,347.964418,0.0,0.0,413.61526769933704,161.51460614237277,0.0,0.0,0.0,0.0,0.7353341544993099,1100,16.192824194501014,0.18790993688695987,0.6785968200485228,0.5421076934818517,0.34157924310727555,0.3169911932403391,0.00769300266376517,2.3555152683860183,110,8,18,84,0.1,0.007272727272727273,0.016363636363636365,0.07636363636363637,3.0
140.544938,1100,363.818261,0.0,0.0,398.80215428860413,140.544938251637,0.0,0.0,0.0,0.0,0.8230413726016577,1100,17.87324429654243,0.2870278831666586,0.9881423082359373,0.5227998223900795,0.4004222033240578,0.3449380403215235,0.0,9.414467989331417,158,0,0,158,0.14363636363636365,0.0,0.0,0.14363636363636365,3.0
131.043975,880,375.125342,1.0,0.0,336.7112984389832,131.0439752300959,0.0,0.0,0.0,0.0,0.9883363689211703,880,16.785400089583206,0.26240769903322747,1.0091603974062349,0.5805296550208533,0.35223329094323247,0.33037062016400426,0.023126006992190435,0.521210342640336,169,9,31,129,0.19204545454545455,0.010227272727272727,0.035227272727272725,0.14659090909090908,3.0
57.148518,1100,392.497353,0.0,0.0,334.39764817610984,57.14851843809036,0.0,0.0,0.0,0.0,0.7408944408826712,1100,15.270907832801187,0.2708046106419142,0.9945222633148819,0.5394864042509686,0.33790004849433897,0.3421380201253024,0.01941771311505728,0.3969606053671387,178,25,31,122,0.1618181818181818,0.022727272727272728,0.028181818181818183,0.11090909090909092,3.0
159.842192,1100,409.753202,0.0,0.0,419.3041587133381,159.84219242640754,0.0,0.0,0.0,0.0,0.8052917649637218,1100,17.942230583346422,0.24362693399245622,0.9960660734683354,0.5675865874473344,0.3651868696646257,0.3412540234218944,0.0010362294992042568,3.3412998659222524,158,2,2,154,0.14363636363636365,0.0018181818181818182,0.0018181818181818182,0.14,3.0
-52.468718,355,416.089107,0.0,1.0,117.87226915382034,-52.468718320545364,1.0,1.0,0.0,0.0,0.3153289980500025,355,16.117158783269968,0.21673526981766325,0.9990457645631564,0.5300671248788565,0.38289612498081904,0.34945077358836857,0.0,5.180631495151223,44,1,0,43,0.12394366197183099,0.0028169014084507044,0.0,0.12112676056338029,3.0
-98.897405,70,417.311954,0.0,1.0,9.714649062093326,-98.89740507151947,0.0,0.0,0.0,1.0,0.033728072200252354,70,14.563484746667168,0.18513032046789563,1.0277467086929033,0.5797064763094698,0.24806820665087018,0.2354969654764448,0.0,15.939963376202543,4,0,0,4,0.05714285714285714,0.0,0.0,0.05714285714285714,3.0
125.255559,1000,429.944343,0.0,0.0,366.7478937518441,125.25555935491245,0.0,0.0,0.0,0.0,0.6374199334279869,1000,17.88343945011331,0.27652302950281976,1.1789111951650675,0.5133162148687989,0.39975332242250444,0.37763850247859954,0.0003203232092649114,4.457890521181494,210,17,0,193,0.21,0.017,0.0,0.193,2.0
203.35232,923,439.126765,1.0,0.0,375.2177989708807,203.3523196020905,0.0,0.0,0.0,0.0,0.9899107095665336,923,17.42144816315918,0.21572482934638568,0.9658524951928741,0.5487863722046432,0.3273416804724886,0.31216657962468436,0.0009390061194556038,3.635499626318503,152,23,0,129,0.1646803900325027,0.024918743228602384,0.0,0.13976164680390032,2.0
228.51876,874,447.827128,1.0,0.0,396.66745448544253,228.5187601782211,0.0,0.0,0.0,0.0,0.9893791277514334,874,18.408378424488106,0.1850573353065545,0.7161120146599932,0.5338132765604443,0.40534090034203346,0.3946636286425645,0.0016067932560323806,1.8528811279733983,204,1,2,201,0.2334096109839817,0.0011441647597254005,0.002288329519450801,0.2299771167048055,2.0
-25.821745,506,453.193619,0.0,1.0,187.87207879278824,-25.821744713983946,1.0,1.0,0.0,0.0,0.4198268894578909,506,18.2409235124689,0.24496288521146106,0.855150060855332,0.5438493877178124,0.413597980742398,0.3717592881602261,0.0,6.5997876515596,97,0,0,97,0.191699604743083,0.0,0.0,0.191699604743083,2.0
197.810841,870,463.405015,1.0,0.0,371.4682063891087,197.81084086792083,0.0,0.0,0.0,0.0,0.9893364617549656,870,17.82010387799148,0.2167233487993609,0.7112580214229781,0.49594679037216066,0.3899562775403604,0.4010095729910094,0.00695228206994334,2.604423123682297,223,14,9,200,0.25632183908045975,0.016091954022988506,0.010344827586206896,0.22988505747126436,3.0
101.565284,1100,480.03227,0.0,0.0,377.6993542187407,101.5652844560841,0.0,0.0,0.0,0.0,0.7697949153930529,1100,18.091095414952484,0.331205122275711,0.9905361962990321,0.5229795389757915,0.4267656342007897,0.3843455890091983,0.0009908150350431805,3.1216899576277997,240,16,2,222,0.21818181818181817,0.014545454545454545,0.0018181818181818182,0.2018181818181818,3.0
162.874645,1100,496.569929,0.0,0.0,441.6229386185628,162.8746454510355,0.0,0.0,0.0,0.0,0.6605545392447588,1100,18.827590043275787,0.2598127556434762,0.9076924892343953,0.5110223802111366,0.4339550496773286,0.38907241707498375,0.002870267944090257,0.9121117028736992,278,5,3,270,0.25272727272727274,0.004545454545454545,0.0027272727272727275,0.24545454545454545,3.0
85.845805,1200,517.619816,0.0,0.0,396.0926746978277,85.8458053655669,0.0,0.0,0.0,0.0,0.9165010133669981,1200,17.999222518331283,0.29888012818816245,1.2100476288669815,0.5113177640891323,0.42947907249132794,0.4299368945757548,0.011218998430411502,1.495784600949307,345,15,21,309,0.2875,0.0125,0.0175,0.2575,4.0
208.657634,1200,540.666494,0.0,0.0,481.35151437836913,208.65763399397815,0.0,0.0,0.0,0.0,0.8715486854708282,1200,17.643484273689275,0.2024854863396752,0.6751668626909888,0.5072262509694944,0.455131616294384,0.42331962098677955,0.0006076634340774612,3.7999326418313504,305,29,0,276,0.25416666666666665,0.024166666666666666,0.0,0.23,4.0
180.212507,1200,565.32221,0.0,0.0,480.048443119031,180.21250700946283,0.0,0.0,0.0,0.0,0.7549435270813816,1200,17.521461514101624,0.20663024595067858,0.9363060240065915,0.5020512791723013,0.421526983131965,0.4060383199652036,0.008953081084538742,2.5466574309486187,330,42,15,273,0.275,0.035,0.0125,0.2275,4.0
50.643539,982,583.719807,0.0,1.0,350.24332346017303,50.64353856916702,1.0,1.0,0.0,0.0,0.4721490687058696,982,15.279467702939202,0.17040768604144743,0.584309947238149,0.5499619570866137,0.4445653164459586,0.40753958764241327,0.00020088779723505452,4.494493576611692,192,30,0,162,0.1955193482688391,0.03054989816700611,0.0,0.164969450101833,4.0
27.274342,927,602.066173,0.0,1.0,325.07452758364343,27.274341853650355,1.0,1.0,0.0,0.0,0.7069208528520944,927,16.057695876751293,0.21610729795666883,0.9968463507064063,0.5134892830074621,0.45700366082957905,0.40933569413815757,0.0021278794661102897,1.9142058502136567,162,26,3,133,0.17475728155339806,0.028047464940668825,0.003236245954692557,0.14347357065803668,4.0
-31.120649,1200,628.528603,0.0,0.0,320.3913818586923,-31.12064908141681,0.0,0.0,0.0,0.0,0.8509090526378004,1200,15.599481399655746,0.4183883914307771,0.9885491376292008,0.5141071021502527,0.3876076172788938,0.3614409366250038,0.022503202906183097,0.8449676648868664,312,69,38,205,0.26,0.0575,0.03166666666666667,0.17083333333333334,4.0
-109.461966,87,631.25481,0.0,1.0,6.3598535398514855,-109.46196592225081,0.0,0.0,0.0,1.0,0.051601304041752914,87,14.442926558775005,0.463083182092629,1.0643813329807164,0.4676875447233518,0.31915066845115575,0.26340310600982314,0.0,10.416909918537863,3,0,0,3,0.034482758620689655,0.0,0.0,0.034482758620689655,3.0
-85.118869,1005,647.755368,0.0,1.0,233.14256551395653,-85.11886872809947,0.0,0.0,0.0,1.0,0.7228528802989443,1005,17.252717119216538,0.3996156728960405,1.043068800872718,0.5093109941916234,0.387827169835864,0.3672080210785368,0.0001612233701166533,4.584555501898264,138,4,0,134,0.1373134328358209,0.003980099502487562,0.0,0.13333333333333333,3.0
-114.657883,530,654.859437,0.0,1.0,104.85023518611665,-114.65788280773974,0.0,0.0,0.0,1.0,0.40005917823970394,530,17.83601751856387,0.43846730204749135,1.1436802833159785,0.5160296265668464,0.38192075322259145,0.33085803445780054,0.0,nan,79,0,0,79,0.1490566037735849,0.0,0.0,0.1490566037735849,3.0
73.880147,1100,670.607843,0.0,0.0,387.9879047923941,73.88014689757911,0.0,0.0,0.0,0.0,0.976060844920896,1100,16.5536233110135,0.25827186611826075,1.1540099407223356,0.49234552919864655,0.38960614865476434,0.37507865970784965,0.030154858194870116,0.3352953045015744,230,18,48,164,0.20909090909090908,0.016363636363636365,0.04363636363636364,0.14909090909090908,3.0
187.383631,1100,687.220875,0.0,0.0,422.5134555638242,187.38363068304707,0.0,0.0,0.0,0.0,0.7174998607161688,1100,16.11827354083152,0.15732697706512153,0.8292650971532167,0.5113869538259778,0.45269487261772157,0.4212007095597007,0.0007792016373079477,3.78363362966219,200,18,0,182,0.18181818181818182,0.016363636363636365,0.0,0.16545454545454547,3.0
189.351256,1100,703.105455,0.0,0.0,456.6593103330905,189.35125551091568,0.0,0.0,0.0,0.0,0.8064483776289748,1100,17.42887378482063,0.16276037811841929,0.9229495711698624,0.4664877176657319,0.45700831494548105,0.40000005852092396,0.007249710991090657,0.8497941599520056,273,24,9,240,0.24818181818181817,0.02181818181818182,0.008181818181818182,0.21818181818181817,3.0
218.467826,1100,718.591952,0.0,0.0,468.48867798314643,218.46782578966364,0.0,0.0,0.0,0.0,0.9090476703473339,1100,18.006020236752757,0.17880142311680072,0.6148905450670712,0.4792226115156981,0.4797742376544259,0.4339928902279247,0.0,5.9624987276029096,220,1,0,219,0.2,0.0009090909090909091,0.0,0.1990909090909091,3.0
224.150617,981,734.758362,1.0,0.0,433.097294611766,224.1506166689449,0.0,0.0,0.0,0.0,0.9903501000454537,981,17.86639536832483,0.18387705347880856,0.74325658559211,0.4870641315498301,0.46640502476910933,0.4251098366687786,0.009706186262877206,0.4782922659570443,245,4,11,230,0.24974515800203873,0.004077471967380225,0.011213047910295617,0.2344546381243629,3.0
249.205213,1100,750.206661,0.0,0.0,513.2624554767785,249.2052126127358,0.0,0.0,0.0,0.0,0.8527245721108458,1100,18.680079463736117,0.13306832415355752,0.5444817630788614,0.4722486829520626,0.4821597532792525,0.4206684486974369,0.0,7.674825753541528,303,0,0,303,0.27545454545454545,0.0,0.0,0.27545454545454545,3.0
187.447492,1100,767.367723,0.0,0.0,463.19521075424353,187.4474916668801,0.0,0.0,0.0,0.0,0.6789442558810772,1100,18.41077485813765,0.21056884010846147,1.020220156535465,0.45138841509311034,0.49679836424914275,0.45267173842950303,0.0007565446206907074,3.6698477611823304,323,13,0,310,0.29363636363636364,0.011818181818181818,0.0,0.2818181818181818,3.0
229.238142,1100,785.693785,0.0,0.0,490.9983131752135,229.23814151050203,0.0,0.0,0.0,0.0,0.8459853072769927,1100,18.257749849375344,0.15547664975384884,0.7097238142444569,0.4722486033087427,0.46501909841190686,0.4611831258643757,0.0007170424770497037,2.9423732329040764,275,10,1,264,0.25,0.00909090909090909,0.0009090909090909091,0.24,3.0
40.058422,1049,803.288883,0.0,1.0,404.3469545876224,40.058421812650664,1.0,1.0,0.0,0.0,0.5532688265156613,1049,18.347914041590048,0.2552854243074964,1.1558455156307963,0.4570778505725731,0.459128502383473,0.4456841151298399,0.002198467511448588,0.7075226432220633,334,6,1,327,0.31839847473784555,0.005719733079122974,0.0009532888465204957,0.3117254528122021,3.0
200.431966,1100,821.711908,0.0,0.0,460.88570506563417,200.4319655393914,0.0,0.0,0.0,0.0,0.8388210524620374,1100,18.784393900418223,0.21171165475978523,0.9957642521492981,0.42495051741092044,0.4699889491363005,0.44220056414604186,0.00020158988739876933,3.913630566905084,364,6,0,358,0.33090909090909093,0.005454545454545455,0.0,0.32545454545454544,3.0
133.094294,1100,839.260716,0.0,0.0,433.456912463418,133.09429419098336,0.0,0.0,0.0,0.0,0.5685966036947779,1100,16.454459165613898,0.16528379702787882,0.7096558718033291,0.44047548673031006,0.456371163780039,0.4407936170426282,0.023564516184376227,0.11181462137545238,338,34,36,268,0.30727272727272725,0.03090909090909091,0.03272727272727273,0.24363636363636362,3.0
248.861461,1100,855.518289,0.0,0.0,510.5341181260045,248.86146124068517,0.0,0.0,0.0,0.0,0.8974242729389043,1100,18.543808596435273,0.13674200835533093,0.6847536082843682,0.4273966362903064,0.47465588510036466,0.4421496676314961,0.0,5.0045550159084495,350,5,0,345,0.3181818181818182,0.004545454545454545,0.0,0.31363636363636366,3.0
-64.421561,537,864.962698,0.0,1.0,188.29502785032705,-64.42156053796211,0.0,0.0,0.0,1.0,0.4100107195957711,537,17.215461995581837,0.24511777363595036,2.0,0.44814985769920507,0.5012519130937658,0.4352902112948384,0.022132062137030135,0.18113990099506375,183,3,15,165,0.3407821229050279,0.00558659217877095,0.027932960893854747,0.30726256983240224,3.0
266.72624,1200,882.98965,0.0,0.0,558.9916656562572,266.72624017640726,0.0,0.0,0.0,0.0,0.9640381847355045,1200,19.035975920905944,0.1558298695458416,0.555726210155597,0.4529195539311816,0.480229916870594,0.486009095509847,0.0003447256917283379,3.929063227515763,426,8,0,418,0.355,0.006666666666666667,0.0,0.34833333333333333,4.0
-19.04746,781,896.894618,0.0,1.0,254.10253752782404,-19.047460292771262,1.0,1.0,0.0,0.0,0.44405947450455546,781,16.02929086010861,0.28081358892494984,0.9229325244704267,0.4294470691750549,0.48152944121256985,0.4358481461809478,0.0020629715838258204,2.3646455882487745,177,31,2,144,0.2266325224071703,0.03969270166453265,0.002560819462227913,0.18437900128040974,4.0
51.998811,761,913.841513,0.0,1.0,334.42411327663245,51.998811497291115,1.0,1.0,0.0,0.0,0.5151438273047115,761,19.12357625978999,0.18150658946756928,0.5960761863308116,0.40541385137690195,0.5216337615494346,0.4621195608306965,0.0,nan,292,0,0,292,0.38370565045992117,0.0,0.0,0.38370565045992117,4.0
161.296727,1200,936.792682,0.0,0.0,442.99021795693153,161.29672738788906,0.0,0.0,0.0,0.0,0.5418416353535281,1200,15.749253599824321,0.17418269638139344,0.8969485624150468,0.4397143613640219,0.4951260846853256,0.4388656680782636,0.009789705567377632,0.06486851521049472,291,39,13,239,0.2425,0.0325,0.010833333333333334,0.19916666666666666,4.0
175.90427,1109,960.65076,0.0,0.0,432.93389426059656,175.90426951693107,0.0,0.0,0.0,0.0,0.9039688010836697,1109,17.30848858402173,0.21699839533491797,0.8261763969135286,0.43655500974173583,0.4956679776297484,0.45741299351020587,0.004572963618173407,2.2176674557338174,264,8,11,245,0.23805229936880073,0.007213706041478809,0.009918845807033363,0.22091974752028856,3.0
175.154784,1100,980.846244,0.0,0.0,433.795234759223,175.15478371886482,0.0,0.0,0.0,0.0,0.7780241291596804,1100,17.95857388670294,0.24464270981682756,0.9409246824351248,0.43055453702130103,0.49729757043448364,0.46288508664477956,0.00015285333166761638,4.296424398363237,324,16,0,308,0.29454545454545455,0.014545454545454545,0.0,0.28,3.0
180.837692,1100,997.831236,0.0,0.0,449.25174327417085,180.83769231064076,0.0,0.0,0.0,0.0,0.9572392297951311,1100,17.452998864976777,0.1834561988141276,0.6840442864839252,0.42068270074372943,0.47358448337424885,0.45904448682611637,0.0105526234708824,1.2625258864438804,346,10,20,316,0.3145454545454546,0.00909090909090909,0.01818181818181818,0.2872727272727273,3.0
223.972127,1100,1014.02515,0.0,0.0,491.2497242133068,223.9721265783998,0.0,0.0,0.0,0.0,0.8010110216597697,1100,18.600637627149858,0.1758036626298961,0.6856092555626647,0.42201412179083986,0.5232969248836691,0.4745142872767015,0.0001899622295510067,4.086153334560174,379,19,0,360,0.34454545454545454,0.017272727272727273,0.0,0.32727272727272727,3.0
310.236895,1149,1031.307925,1.0,0.0,557.8685008092385,310.2368953172242,0.0,0.0,0.0,0.0,0.9922082749568832,1149,18.778705239530257,0.13530448734439596,0.9026522593675173,0.4179353961709715,0.515651091894344,0.4731433364595923,0.0009598519052278936,3.0678695429009437,430,6,2,422,0.3742384682332463,0.005221932114882507,0.0017406440382941688,0.3672758920800696,4.0
228.60399,1200,1052.503855,0.0,0.0,523.6516233501927,228.6039900117758,0.0,0.0,0.0,0.0,0.6546653658512408,1200,18.58230959683051,0.18589545327997806,0.9814290676404527,0.3871269874336819,0.5092275414367516,0.4710228565335274,0.0002755044850987486,3.768220299865514,424,12,0,412,0.35333333333333333,0.01,0.0,0.3433333333333333,4.0
231.819988,1200,1076.389927,0.0,0.0,516.3184848107862,231.81998812989247,0.0,0.0,0.0,0.0,0.9011434345147042,1200,18.425124744217847,0.19167232524843517,0.8215334522120032,0.38693849673494696,0.5071147928635279,0.45817115585009255,7.005073161654425e-05,4.5796956103007345,419,7,0,412,0.3491666666666667,0.005833333333333334,0.0,0.3433333333333333,4.0
186.661014,1100,1098.357869,0.0,0.0,432.7927338970749,186.66101410620746,0.0,0.0,0.0,0.0,0.6472990141311391,1100,16.530158554518454,0.17738752022501647,0.8548060377140505,0.4007315041975711,0.4931024146080017,0.45362975001335143,0.003077403389492528,2.1441627123473026,280,19,6,255,0.2545454545454545,0.017272727272727273,0.005454545454545455,0.2318181818181818,3.0
236.834138,906,1114.825663,1.0,0.0,427.4467040066822,236.8341376168773,0.0,0.0,0.0,0.0,0.9894356148664216,906,18.250619182579694,0.1485317738240961,0.5704156967007228,0.3803097584940674,0.4699565166274443,0.46545473116123126,0.009101532889525017,1.1409167173679324,313,3,13,297,0.3454746136865342,0.0033112582781456954,0.01434878587196468,0.32781456953642385,3.0
193.36663,1100,1134.069134,0.0,0.0,461.54714987504,193.36662989999078,0.0,0.0,0.0,0.0,0.6366699753662313,1100,18.87511598881047,0.21093138922721405,0.996556099697021,0.4035759944739667,0.5183584181287072,0.4740340576388619,0.00041654251433307304,3.775960464596812,391,2,0,389,0.35545454545454547,0.0018181818181818182,0.0,0.35363636363636364,3.0
232.579432,1100,1152.208128,0.0,0.0,499.99453028141716,232.57943161023098,0.0,0.0,0.0,0.0,0.9676713720993529,1100,18.40895594610656,0.1451917531491015,0.7427289957215406,0.39767893947576255,0.5152227992903102,0.4714003897796978,0.00431815932217119,2.401433017761042,384,12,10,362,0.3490909090909091,0.01090909090909091,0.00909090909090909,0.3290909090909091,3.0
-77.825509,138,1155.352023,0.0,1.0,48.78614679605007,-77.82550872848483,1.0,1.0,0.0,0.0,0.08571978693989285,138,17.48596364121418,0.13170726179826067,0.4733700922072949,0.43136230834584305,0.41232429768728174,0.46557305515676306,0.0,nan,44,0,0,44,0.3188405797101449,0.0,0.0,0.3188405797101449,3.0
236.857616,1100,1173.984823,0.0,0.0,504.2249565358746,236.85761570600843,0.0,0.0,0.0,0.0,0.7964312762969191,1100,19.08007727092613,0.16903478305467026,0.5613807514264305,0.4061072934215719,0.5022226064313542,0.4717537478425286,0.0,5.425507622386073,387,6,0,381,0.3518181818181818,0.005454545454545455,0.0,0.3463636363636364,3.0
-25.219721,760,1185.050784,0.0,1.0,257.4388088354431,-25.21972075883545,0.0,0.0,0.0,1.0,0.43212985609744137,760,16.92355689255232,0.2735324731940292,1.0510801462804817,0.40095086464854446,0.5002022436967022,0.47137160301208497,0.0029533933858226003,1.6962659213727194,185,10,4,171,0.24342105263157895,0.013157894736842105,0.005263157894736842,0.225,3.0
103.471799,1075,1202.075267,0.0,1.0,458.63421108321586,103.47179852982447,1.0,1.0,0.0,0.0,0.8248924616504918,1075,18.167550161510118,0.18187414579604502,0.8831508765443029,0.40368806663207535,0.5113718736448953,0.4848702765620032,0.00240538435270705,0.8758841058987531,368,9,3,356,0.34232558139534885,0.008372093023255815,0.0027906976744186047,0.3311627906976744,3.0
-11.199794,427,1209.511985,0.0,1.0,185.71233835691427,-11.199794298066251,1.0,1.0,0.0,0.0,0.34807842366413677,427,18.70212620895632,0.14596842792070602,0.5702193181230091,0.3643158709137445,0.5298341294920695,0.47874798177276895,0.00019655386336339827,4.580357501719145,182,4,0,178,0.4262295081967213,0.00936768149882904,0.0,0.4168618266978923,3.0
224.823137,1100,1226.692821,0.0,0.0,503.3815327374055,224.8231367814639,0.0,0.0,0.0,0.0,0.7411116007997263,1100,19.458848014476917,0.1895459754138909,0.8137852902725335,0.38630492514846,0.5084215621514754,0.46794979745691473,0.0,7.898651480646461,479,0,0,479,0.4354545454545454,0.0,0.0,0.4354545454545454,3.0
187.866854,1100,1243.293784,0.0,0.0,460.4355544068438,187.8668542565913,0.0,0.0,0.0,0.0,0.9718596300559672,1100,18.570515965028854,0.22569711889754726,0.9188971649933114,0.3941620573435317,0.4937840261784467,0.46343784245577724,0.006187424367824139,0.08202194614929895,357,1,7,349,0.3245454545454545,0.0009090909090909091,0.006363636363636364,0.31727272727272726,3.0
-62.124962,519,1250.628674,0.0,1.0,173.87878806439255,-62.12496235951286,1.0,1.0,0.0,0.0,0.3977949067981763,519,17.44123383343493,0.321671191648174,1.2994414763393753,0.3736985362420192,0.4948185897057226,0.46807228956149033,0.0060644695521405055,1.2756848622513821,168,1,5,162,0.3236994219653179,0.0019267822736030828,0.009633911368015413,0.31213872832369943,3.0
197.832542,1100,1268.192188,0.0,0.0,454.4560825906634,197.83254153574183,0.0,0.0,0.0,0.0,0.6623621266238903,1100,17.944922534121957,0.19991332533572848,0.5855196376226347,0.3785173461349173,0.5268127150427211,0.46988160014152525,0.0005296631010899369,3.0893212919322055,367,12,1,354,0.3336363636363636,0.01090909090909091,0.0009090909090909091,0.32181818181818184,3.0
15.889151,1100,1286.841501,0.0,0.0,404.55208261945074,15.889151305286017,0.0,0.0,0.0,0.0,0.7602191856979561,1100,15.86936224251374,0.19216093908185963,0.8901072699856677,0.3909426546740261,0.4370653780482032,0.42548999894749034,0.06246011571541963,0.018215704372082656,487,59,96,332,0.44272727272727275,0.053636363636363635,0.08727272727272728,0.3018181818181818,3.0
190.514184,1100,1304.29936,0.0,0.0,470.67287971914465,190.514184227689,0.0,0.0,0.0,0.0,0.8710943041364786,1100,18.891700736071265,0.22355774650068466,0.8621267663706201,0.386943908655508,0.5073735739968039,0.45998265981674197,0.005607699770522142,1.6783798146661013,439,0,10,429,0.3990909090909091,0.0,0.00909090909090909,0.39,3.0
163.432177,1100,1322.690552,0.0,0.0,434.40983065046305,163.432177234827,0.0,0.0,0.0,0.0,0.877772754627249,1100,17.82133403645323,0.24583397666139656,0.8934428374475912,0.3962909748913212,0.4730411049452695,0.45466096726330846,0.006388311752736124,1.6376212618935164,369,14,12,343,0.33545454545454545,0.012727272727272728,0.01090909090909091,0.3118181818181818,3.0
190.566283,1100,1339.286374,0.0,0.0,449.4730714770234,190.5662826677862,0.0,0.0,0.0,0.0,0.6573339379752736,1100,17.810385451940128,0.20592864986186155,0.7619824871789671,0.41260185932994564,0.4949268220771443,0.4346164630759846,0.0004398387718635599,3.16885519203131,279,2,1,276,0.25363636363636366,0.0018181818181818182,0.0009090909090909091,0.2509090909090909,3.0
182.596076,1100,1356.775133,0.0,0.0,460.7787768218424,182.59607610775305,0.0,0.0,0.0,0.0,0.6582673169531176,1100,18.807597610990715,0.2337501726787232,0.8277902859742581,0.4020547038756988,0.4996934189037843,0.47442531737414273,0.0,nan,338,0,0,338,0.30727272727272725,0.0,0.0,0.30727272727272725,3.0
131.800869,1100,1373.874109,0.0,0.0,390.60068918099165,131.80086874992176,0.0,0.0,0.0,0.0,0.7138402125067818,1100,16.3955359095227,0.23518755882400144,1.1395522198193964,0.39056957338005305,0.4960528111457825,0.45280368263071236,0.00746460092538751,1.3614454898379982,236,1,12,223,0.21454545454545454,0.0009090909090909091,0.01090909090909091,0.20272727272727273,3.0
193.995312,1100,1392.762943,0.0,0.0,434.53436994376085,193.99531159033458,0.0,0.0,0.0,0.0,0.7728127150337641,1100,16.662872161767055,0.17097876724343647,0.9870819264361329,0.3764357827332887,0.4932188014008782,0.4582892538200725,0.0006569361992517974,2.419876167482241,254,8,1,245,0.2309090909090909,0.007272727272727273,0.0009090909090909091,0.22272727272727272,3.0
219.541836,1100,1412.28084,0.0,0.0,480.905652583914,219.54183636762403,0.0,0.0,0.0,0.0,0.6710636714012904,1100,17.981574317328075,0.16169279352537091,0.6957282199629947,0.3839677255329761,0.5114207083257762,0.44454066428271205,0.0003605107683031289,3.017190774332791,301,0,1,300,0.2736363636363636,0.0,0.0009090909090909091,0.2727272727272727,3.0
202.349273,1100,1429.342815,0.0,0.0,449.4426761576503,202.34927320143467,0.0,0.0,0.0,0.0,0.809456483835107,1100,17.42893342360677,0.17845578243606308,0.8264883506255044,0.3716924948482351,0.4954452684792605,0.4439866049723192,0.00023171914661000609,4.430203991548088,276,2,0,274,0.2509090909090909,0.0018181818181818182,0.0,0.24909090909090909,3.0
230.024955,1100,1447.423137,0.0,0.0,482.6096639567015,230.0249554650761,0.0,0.0,0.0,0.0,0.837114572974864,1100,17.946933690369157,0.15407069616926508,0.6147937785673723,0.35930201578546656,0.5074704532189803,0.45234571424397557,0.0003042174037691947,3.9873225014702864,327,4,0,323,0.2972727272727273,0.0036363636363636364,0.0,0.29363636363636364,3.0
218.109534,1100,1463.983295,0.0,0.0,463.7105626538754,218.1095343397055,0.0,0.0,0.0,0.0,0.821635773013066,1100,17.25765682348402,0.15495500344991642,0.5374258948557381,0.3723227460022,0.5334519869901917,0.4631829021735625,0.0,6.576438742169001,350,0,0,350,0.3181818181818182,0.0,0.0,0.3181818181818182,3.0
213.519093,1100,1479.893478,0.0,0.0,476.8786863979559,213.5190926012918,0.0,0.0,0.0,0.0,0.8448922521700573,1100,18.83263772192997,0.1991262740777443,0.9865905560737358,0.3720319411073896,0.5174186718463898,0.4724558240717108,0.0,6.3227458052229135,398,0,0,398,0.3618181818181818,0.0,0.0,0.3618181818181818,3.0
159.158668,1100,1497.178276,0.0,0.0,396.8995131292202,159.15866754649542,0.0,0.0,0.0,0.0,0.6359288599781403,1100,16.11337814721909,0.2194267583317512,0.9339975658111185,0.35932394200427964,0.5211775217273018,0.48731159470298074,2.160198725915049e-05,4.881189070074672,330,16,0,314,0.3,0.014545454545454545,0.0,0.28545454545454546,3.0
190.741937,1100,1515.938742,0.0,0.0,448.80728704111965,190.74193675823182,0.0,0.0,0.0,0.0,0.8486858774572107,1100,19.42278389583045,0.22492313496252025,0.8595364961366245,0.35324531436305157,0.5166615689342672,0.4800536748495969,0.0,5.733905522785989,505,4,0,501,0.4590909090909091,0.0036363636363636364,0.0,0.45545454545454545,3.0
223.404699,955,1529.89053,1.0,0.0,426.1104572359433,223.40469874742627,0.0,0.0,0.0,0.0,0.9906970119167375,955,19.37067714305453,0.2399479970381955,1.0807456807318379,0.37036540534015727,0.5119532253729735,0.4878442949025419,0.0002903360031528968,3.613645584944918,382,1,0,381,0.4,0.0010471204188481676,0.0,0.39895287958115183,3.0
204.430047,1100,1546.59815,0.0,0.0,456.22688014803396,204.4300467922867,0.0,0.0,0.0,0.0,0.8190057187115446,1100,17.594877028614498,0.18137885630464592,0.6317277146854714,0.3552966783195734,0.5370066777955402,0.46462878400629215,0.0016118745922216965,2.4268249750162094,391,17,2,372,0.35545454545454547,0.015454545454545455,0.0018181818181818182,0.3381818181818182,3.0
247.580709,1100,1563.477104,0.0,0.0,522.550873014346,247.58070931778155,0.0,0.0,0.0,0.0,0.695987372556332,1100,19.179143085630376,0.14207103539470153,0.6561423337149803,0.35203428814018317,0.5244900467720899,0.4920131555470553,0.000884450788032485,2.9177708837027514,485,2,2,481,0.4409090909090909,0.0018181818181818182,0.0018181818181818182,0.43727272727272726,3.0
212.175473,1100,1580.524025,0.0,0.0,458.8296875046692,212.17547304528458,0.0,0.0,0.0,0.0,0.7595433920741553,1100,17.01857128938484,0.15356121066366096,0.5303379372503524,0.3457792596349662,0.514766604737802,0.46107587012377654,0.0019366989616516398,1.1461268995638096,363,35,2,326,0.33,0.031818181818181815,0.0018181818181818182,0.2963636363636364,3.0
219.131924,1100,1595.775349,0.0,0.0,474.11612441361484,219.13192432816257,0.0,0.0,0.0,0.0,0.8045235640899687,1100,18.52831844970812,0.1693457672455306,0.8150044021577613,0.33510066056624055,0.5099111477353356,0.4753852705522017,0.0003722278569241724,4.010188679720937,425,20,0,405,0.38636363636363635,0.01818181818181818,0.0,0.36818181818181817,3.0
253.558699,934,1609.165289,1.0,0.0,451.53982866348133,253.55869921647488,0.0,0.0,0.0,0.0,0.9898293520095607,934,18.578963921409,0.14172639171403706,0.5383866817368681,0.33354460260366153,0.5051148283022119,0.49012925538056923,0.006403160836468226,2.134901196913689,433,17,8,408,0.46359743040685225,0.018201284796573874,0.008565310492505354,0.43683083511777304,3.0
-2.14204,430,1615.640816,0.0,1.0,200.39720414286754,-2.1420396980813194,1.0,1.0,0.0,0.0,0.26986322211876124,430,19.27224385714467,0.113648015359429,0.4401437008035145,0.3246884362988694,0.5081576258637185,0.4719719393308773,0.0,19.412342664527703,199,0,0,199,0.4627906976744186,0.0,0.0,0.4627906976744186,3.0
259.618343,1100,1632.438076,0.0,0.0,530.5877603657103,259.6183429513839,0.0,0.0,0.0,0.0,0.8202298950905365,1100,19.21924625413012,0.1331774448154733,0.4654626341466705,0.3492810643769123,0.5045812426913868,0.48303812259977513,0.00019311997260290715,4.423433383759826,485,8,0,477,0.4409090909090909,0.007272727272727273,0.0,0.43363636363636365,3.0
257.843362,1100,1648.942385,0.0,0.0,525.5190317536635,257.84336222081254,0.0,0.0,0.0,0.0,0.871159798615161,1100,19.006304127687205,0.1312016272727604,0.6365945104456417,0.3404790857789869,0.5024257892912084,0.4872722576964985,0.0002709210994277873,4.144760289060713,448,6,0,442,0.4072727272727273,0.005454545454545455,0.0,0.4018181818181818,3.0
47.923298,736,1658.519387,0.0,1.0,325.653117118733,47.92329812178802,1.0,1.0,0.0,0.0,0.6103034115053536,736,19.43862563770629,0.17314015844722824,1.014874084054313,0.3320874255960402,0.505127813829028,0.48247102291687677,0.0,8.291689350075774,310,0,0,310,0.421195652173913,0.0,0.0,0.421195652173913,3.0
175.985313,1100,1675.920774,0.0,0.0,435.4183816615365,175.98531341353032,0.0,0.0,0.0,0.0,0.8479695507399317,1100,17.017064688246222,0.17652162707392346,1.0185915417535831,0.34323971932923253,0.5019058699499477,0.4631121599674225,0.007226772906327486,0.9935321119369133,351,26,12,313,0.3190909090909091,0.023636363636363636,0.01090909090909091,0.28454545454545455,3.0
271.329642,1198,1695.603221,1.0,0.0,544.5525731346714,271.3296422831625,0.0,0.0,0.0,0.0,0.9922000498761806,1198,17.696901482494308,0.14475911703749317,0.5865034842407864,0.3244123875485338,0.5056966381498887,0.4621477996268137,0.012768545769569473,1.0871295712109794,457,21,26,410,0.3814691151919866,0.017529215358931552,0.021702838063439065,0.34223706176961605,4.0
252.644436,1200,1721.630404,0.0,0.0,558.5583629598174,252.64443598229417,0.0,0.0,0.0,0.0,0.6614559036124809,1200,18.36411374941692,0.12635974422739593,0.5649812224052364,0.33142533763311804,0.5176017059385777,0.4644215230147044,0.005116914725883964,2.141118769497143,463,3,12,448,0.3858333333333333,0.0025,0.01,0.37333333333333335,4.0
175.528475,1200,1747.672806,0.0,0.0,476.99220548881004,175.52847513039137,0.0,0.0,0.0,0.0,0.7866829501487334,1200,16.81680656172513,0.19307235727347666,1.0098266472873443,0.3171199768812706,0.5286189372837543,0.4696148016055425,0.008841918097530642,1.3392684627448652,411,22,16,373,0.3425,0.018333333333333333,0.013333333333333334,0.31083333333333335,4.0
250.037515,1200,1773.687906,0.0,0.0,537.5906994437113,250.03751546985336,0.0,0.0,0.0,0.0,0.6302439912681443,1200,18.276525187968705,0.15247347275366746,0.5790825960008749,0.34279714528626454,0.5446979710956414,0.47585242211818696,0.0,5.64577545404012,401,4,0,397,0.33416666666666667,0.0033333333333333335,0.0,0.3308333333333333,4.0
-51.633532,310,1779.275157,0.0,1.0,116.22954395053645,-51.63353154271779,1.0,1.0,0.0,0.0,0.23006241690978546,310,18.026894606706627,0.21485340347588497,0.9463220192080466,0.33783118796925393,0.5037662348439617,0.4289774325586134,0.0,8.654251352062722,87,0,0,87,0.2806451612903226,0.0,0.0,0.2806451612903226,3.0
223.894491,1100,1798.257656,0.0,0.0,489.56978183585085,223.89449127322166,0.0,0.0,0.0,0.0,0.7740106882596829,1100,18.58491217515752,0.17435758681751284,0.8491255163892529,0.3198765209198675,0.5259030497074128,0.472714911699295,0.0001380400443643107,4.298153284927551,399,9,0,390,0.36272727272727273,0.008181818181818182,0.0,0.35454545454545455,3.0
240.905067,1100,1814.987638,0.0,0.0,507.3454228232862,240.9050673999307,0.0,0.0,0.0,0.0,0.6908350142165242,1100,18.770902056247376,0.14878529789688105,0.5418794621816336,0.3236777902631597,0.5169907610524784,0.4438441771810705,0.0,11.389274088174862,431,0,0,431,0.39181818181818184,0.0,0.0,0.39181818181818184,3.0
250.928094,1100,1829.123744,0.0,0.0,526.5374478627718,250.92809351530377,0.0,0.0,0.0,0.0,0.7461687503663879,1100,19.54382673739965,0.15426094349965502,0.6370162082943509,0.3119360183331777,0.5183375831083817,0.4848327518593181,0.0,5.198643255490534,547,2,0,545,0.49727272727272726,0.0018181818181818182,0.0,0.4954545454545455,3.0
197.589822,1100,1846.725726,0.0,0.0,478.068727490768,197.58982204538978,0.0,0.0,0.0,0.0,0.875323824864176,1100,17.819892103676306,0.15119599630530822,0.6590488046156988,0.3160512634315951,0.4641254692727869,0.47328846655108714,0.013612551794954634,1.2791893780382981,508,19,23,466,0.4618181818181818,0.017272727272727273,0.02090909090909091,0.42363636363636364,3.0
245.477267,1100,1864.588422,0.0,0.0,517.5447382264979,245.47726741911785,0.0,0.0,0.0,0.0,0.881133042607422,1100,19.345810096702735,0.1513015064264256,0.8577852288196635,0.3128894548778507,0.5027275565537539,0.48642457322640853,0.0,5.799982205549155,542,3,0,539,0.49272727272727274,0.0027272727272727275,0.0,0.49,3.0
-19.254172,379,1870.583662,0.0,1.0,167.01676680381087,-19.254171559668194,1.0,1.0,0.0,0.0,0.24907214233359,379,18.433272967109723,0.12688638592532084,0.44278484564023557,0.2877681307337372,0.512017725797316,0.4549684710112599,0.0011266648952954301,3.9198203088615,197,4,0,193,0.5197889182058048,0.010554089709762533,0.0,0.5092348284960422,3.0
255.197254,1100,1888.319528,0.0,0.0,521.1863841818595,255.1972543925144,0.0,0.0,0.0,0.0,0.8936273183279746,1100,18.901216983755656,0.1335569924807078,0.8594829130218092,0.3107309519939802,0.5221441900730133,0.4991914176940918,0.0,5.047081361805863,425,9,0,416,0.38636363636363635,0.008181818181818182,0.0,0.3781818181818182,3.0
215.710896,1100,1904.380954,0.0,0.0,497.95660119586074,215.71089564949685,0.0,0.0,0.0,0.0,0.8603062418178749,1100,18.799388536128507,0.17057549409410777,1.791645439861074,0.31531882207840684,0.509609868851575,0.4638132761825215,0.007507086433766718,0.8480050656967839,508,5,11,492,0.4618181818181818,0.004545454545454545,0.01,0.44727272727272727,3.0
188.137133,1100,1919.783257,0.0,0.0,481.39294324807116,188.13713254265522,0.0,0.0,0.0,0.0,0.7686583478787079,1100,18.18354594785962,0.16064443914105142,0.7648256696723372,0.31826272004707296,0.5287900111350147,0.48615723631598734,0.014364254809148966,1.0115969499071225,499,22,27,450,0.4536363636363636,0.02,0.024545454545454544,0.4090909090909091,3.0
-77.675765,130,1923.325833,0.0,1.0,47.619155437954745,-77.67576531344015,1.0,1.0,0.0,0.0,0.0808668144853668,130,17.43230859846424,0.0983612042742677,0.43692568308652935,0.28325360629421015,0.41979543979351336,0.4373219380011925,0.003985409981050862,2.8606473767878744,48,1,1,46,0.36923076923076925,0.007692307692307693,0.007692307692307693,0.35384615384615387,3.0
-35.203732,550,1932.679699,0.0,1.0,225.8026154892497,-35.20373163316255,0.0,0.0,0.0,1.0,0.33562028335087113,550,19.48237346625709,0.2557080595783117,2.0,0.3230999487333677,0.5040262756564401,0.4935371526804837,0.0013633930556283542,2.6291240555258946,280,2,1,277,0.509090909090909,0.0036363636363636364,0.0018181818181818182,0.5036363636363637,3.0
