#{"t_start": 1782814707.4248774, "env_id": "None"}
r,l,t,is_success,episode_cost,episode_base_reward,episode_shaped_reward,episode_collision,episode_crash_vehicle,episode_crash_object,episode_out_of_road,episode_route_completion,episode_length,episode_mean_speed,episode_mean_lane_deviation,episode_max_lane_deviation,episode_steering_variation,episode_accel_variation,episode_jerk,episode_ttc_risk,episode_min_ttc,shield_intervention,shield_soft,shield_hard,overspeed_guard,shield_intervention_rate,shield_soft_rate,shield_hard_rate,overspeed_guard_rate,curriculum_stage
-116.922252,600,4.92247,0.0,0.0,5.851053833444971,-116.92225249223497,0.0,0.0,0.0,0.0,0.12437986178223727,600,0.739180909416959,0.1923186201946089,0.32182086328778,0.8157930942702417,0.8254950655127565,0.634112231110533,0.0,nan,0,0,0,0,0.0,0.0,0.0,0.0,0.0
-99.307775,600,11.346821,0.0,0.0,4.810726243105794,-99.30777510065941,0.0,0.0,0.0,0.0,0.07866406464679049,600,0.6719335902645632,0.08671871256125592,0.14793491854259283,0.8134569332748651,0.8159135240192215,0.5940530585994324,0.0,nan,0,0,0,0,0.0,0.0,0.0,0.0,0.0
-224.463287,600,14.355312,0.0,0.0,5.664849462467525,-224.46328694926004,0.0,0.0,0.0,0.0,0.1220926811245883,600,0.8314134076601317,0.40119064430611245,0.9796020564069643,0.7967559956666083,0.8322316487630208,0.6333620928724607,0.0,nan,0,0,0,0,0.0,0.0,0.0,0.0,0.0
-88.049416,600,20.654333,0.0,0.0,8.472641570230671,-88.04941638795192,0.0,0.0,0.0,0.0,0.13588239612094588,600,0.8208401395599592,0.04139884539273738,0.09228240598065435,0.8651257783112427,0.7840530537130932,0.607709592965742,0.0,nan,0,0,0,0,0.0,0.0,0.0,0.0,0.0
-93.713148,600,24.449848,0.0,0.0,7.428773803916259,-93.71314777814119,0.0,0.0,0.0,0.0,0.11695108212948596,600,0.7881767712886136,0.074784633917739,0.17661078651208897,0.8029914605555435,0.8563326415419579,0.6438376540939014,0.0,nan,0,0,0,0,0.0,0.0,0.0,0.0,0.0
-476.461436,600,30.402591,0.0,0.0,6.033222194493219,-476.46143624851317,0.0,0.0,0.0,0.0,0.1556307571387807,600,0.9603997499286957,0.686097695680512,1.2968637839580255,0.7902287125991037,0.7731264858568708,0.6088734877854586,0.0,nan,0,0,0,0,0.0,0.0,0.0,0.0,0.0
-93.570466,600,36.235956,0.0,0.0,9.735804569777754,-93.57046635609258,0.0,0.0,0.0,0.0,0.14632114679132552,600,0.9331516647309032,0.11814411095871363,0.20027729460498575,0.8534517318103463,0.8178656295811136,0.6333913550029199,0.0,nan,0,0,0,0,0.0,0.0,0.0,0.0,0.0
-249.398504,600,39.628945,0.0,0.0,8.77125911051169,-249.39850430436414,0.0,0.0,0.0,0.0,0.1502159480425991,600,1.113330326291186,0.41533154404078115,0.998584201640512,0.7995458944328129,0.7995127175624172,0.5993710601578156,0.0,nan,0,0,0,0,0.0,0.0,0.0,0.0,0.0
-157.160222,600,45.061307,0.0,0.0,10.88088516773457,-157.16022181423506,0.0,0.0,0.0,0.0,0.16187214575878764,600,1.1813749003760763,0.2838733413747048,0.6799352553940559,0.8166895330697298,0.7674756643921137,0.6048071904480458,0.0,nan,0,0,0,0,0.0,0.0,0.0,0.0,0.0
-338.744281,600,48.794951,0.0,0.0,8.726649239432446,-338.74428120621263,0.0,0.0,0.0,0.0,0.172588230211163,600,1.193029303527296,0.5242654549631153,1.281189941744858,0.7827412418276072,0.7909002360701561,0.6153852169215679,0.0,nan,0,0,0,0,0.0,0.0,0.0,0.0,0.0
-166.111315,600,53.290241,0.0,0.0,11.073124145580694,-166.11131461199616,0.0,0.0,0.0,0.0,0.16095736619933892,600,1.1637481252010076,0.26862486086385223,0.9969652516002384,0.7725713474551836,0.765811725233992,0.6267842299242814,0.0,nan,0,0,0,0,0.0,0.0,0.0,0.0,0.0
-121.286505,600,58.73907,0.0,0.0,14.250357261699376,-121.28650518717434,0.0,0.0,0.0,0.0,0.21090927621301322,600,1.2664950374689976,0.26387288870152553,0.4736401067672524,0.8188424019391338,0.717598768050472,0.5926557241380215,0.0,nan,0,0,0,0,0.0,0.0,0.0,0.0,0.0
-191.648281,600,62.341296,0.0,0.0,12.011349330872006,-191.64828067705795,0.0,0.0,0.0,0.0,0.1972268519398244,600,1.3480671726343716,0.4064316124588921,0.9946633532885758,0.7663867575116455,0.75627367220819,0.6099709934492906,0.0,nan,0,0,0,0,0.0,0.0,0.0,0.0,0.0
-234.179187,600,67.907767,0.0,0.0,13.598848977089146,-234.1791873385693,0.0,0.0,0.0,0.0,0.20790441191550435,600,1.479896330476807,0.4099524571268424,0.9826974332472974,0.7671751338243484,0.7048800513645013,0.5931803991397222,0.0,nan,0,0,0,0,0.0,0.0,0.0,0.0,0.0
-85.715267,600,71.182016,0.0,0.0,15.82071572502202,-85.71526651362366,0.0,0.0,0.0,0.0,0.2100192952038761,600,1.3274145798666015,0.15862158502230086,0.3512479008557524,0.8113175036013126,0.7568335809061925,0.5881684723993142,0.0,nan,0,0,0,0,0.0,0.0,0.0,0.0,0.0
-547.7938,600,76.472268,0.0,0.0,9.076161584286359,-547.7938003582511,0.0,0.0,0.0,0.0,0.18465835567698646,600,1.3399014053304987,0.6361328600850731,2.0,0.7704460995023449,0.6976986393332482,0.5747860784331957,0.0,nan,0,0,0,0,0.0,0.0,0.0,0.0,0.0
-1255.680144,600,80.092643,0.0,0.0,5.757543237415172,-1255.680144494983,0.0,0.0,0.0,0.0,0.22574175761881726,600,1.6004945823837928,1.2357497230972274,2.0,0.8138850277600189,0.7115414258340994,0.5559429773688316,0.0,nan,0,0,0,0,0.0,0.0,0.0,0.0,0.0
-266.536743,600,85.350201,0.0,0.0,10.129827086004992,-266.53674309934394,0.0,0.0,0.0,0.0,0.1793801804001808,600,1.3043670806213115,0.5076056220142151,0.9980077389293782,0.8306164558356007,0.8163313640654087,0.6169144387046496,0.0,nan,0,0,0,0,0.0,0.0,0.0,0.0,0.0
-181.931514,600,91.111747,0.0,0.0,15.42636466123855,-181.9315139435215,0.0,0.0,0.0,0.0,0.2522679858386317,600,1.5535343570602511,0.33032716002445445,0.9990895290795551,0.8431716938316822,0.722154015203317,0.5880562930305799,0.0,nan,0,0,0,0,0.0,0.0,0.0,0.0,0.0
-406.100139,575,93.837518,0.0,1.0,-0.5699889045500726,-406.1001388587321,0.0,0.0,0.0,1.0,0.2378037791149196,575,1.3212965773074767,0.38016725930709905,1.0436051909635602,0.8000492952310521,0.7819673233965169,0.607084107865458,0.0,nan,0,0,0,0,0.0,0.0,0.0,0.0,0.0
-318.504827,600,99.328267,0.0,0.0,9.321874359426245,-318.50482707940716,0.0,0.0,0.0,0.0,0.16646160015759212,600,1.2329213832106745,0.5665288644417078,0.9962538901562181,0.7941623473788301,0.7486466100811958,0.6146642837921779,0.0,nan,0,0,0,0,0.0,0.0,0.0,0.0,0.0
-110.109769,600,102.755908,0.0,0.0,12.775733937237677,-110.10976921721914,0.0,0.0,0.0,0.0,0.16266868651175015,600,1.1731060338106156,0.19676383315652826,0.4975463980577121,0.7866702622951319,0.8230163877705733,0.6128286596139272,0.0,nan,0,0,0,0,0.0,0.0,0.0,0.0,0.0
-83.740241,600,107.71977,0.0,0.0,15.865132693872559,-83.74024122969507,0.0,0.0,0.0,0.0,0.1853638809618826,600,1.3029756664913485,0.14664745722930086,0.252633788251271,0.8332130982105931,0.7476123355080684,0.5642207600176334,0.0,nan,0,0,0,0,0.0,0.0,0.0,0.0,0.0
-77.08082,600,112.661865,0.0,0.0,17.575859616731528,-77.08081977654076,0.0,0.0,0.0,0.0,0.2409383474930851,600,1.4285071062397485,0.1383967072761777,0.3296554642985356,0.755594704337418,0.7325530295819044,0.5632590955495834,0.0,nan,0,0,0,0,0.0,0.0,0.0,0.0,0.0
-366.503658,310,114.298533,0.0,1.0,-7.496670894538097,-366.50365830834346,0.0,0.0,0.0,1.0,0.1228691868524274,310,1.3004286938325178,0.5609095624841492,1.027070646253681,0.8300444188137208,0.7037749308251565,0.6089679419994354,0.0,nan,0,0,0,0,0.0,0.0,0.0,0.0,0.0
-209.75847,600,118.139945,0.0,0.0,9.036146971741772,-209.75847023022274,0.0,0.0,0.0,0.0,0.20153598224298339,600,1.2253368220540513,0.3805626005030754,0.9984550390058984,0.7521108901500702,0.76524785357217,0.6289791650076707,0.0,nan,0,0,0,0,0.0,0.0,0.0,0.0,0.0
-404.933329,424,122.354193,0.0,1.0,-6.372163818556496,-404.93332884244023,0.0,0.0,0.0,1.0,0.18189603404199414,424,1.248070142389322,0.5145077029787061,1.030967557163906,0.7721241992669847,0.7256549430554206,0.5668582112159369,0.0,nan,0,0,0,0,0.0,0.0,0.0,0.0,0.0
-169.657643,600,125.823778,0.0,0.0,10.235443928129985,-169.65764340097647,0.0,0.0,0.0,0.0,0.17585827921115532,600,1.1470091565471237,0.36015911331439737,0.6510676882177352,0.8307612896958987,0.7951582840581735,0.6321154368420442,0.0,nan,0,0,0,0,0.0,0.0,0.0,0.0,0.0
-276.582587,600,131.297968,0.0,0.0,7.534868182033069,-276.58258692393304,0.0,0.0,0.0,0.0,0.1655089198018979,600,1.1393314247119077,0.5173539264177879,0.8817381923687763,0.8053573830301562,0.7573369951049487,0.6336320300400257,0.0,nan,0,0,0,0,0.0,0.0,0.0,0.0,0.0
-250.462711,600,136.667481,0.0,0.0,7.939345765543778,-250.4627110950453,0.0,0.0,0.0,0.0,0.17946176333029787,600,1.1471379653326854,0.4458170370423106,0.9978123285815553,0.8028631160656611,0.7995799679805835,0.6405455464621385,0.0,nan,0,0,0,0,0.0,0.0,0.0,0.0,0.0
-128.913695,600,140.360113,0.0,0.0,9.051984144024122,-128.91369481437255,0.0,0.0,0.0,0.0,0.16160008347003413,600,0.972139149576156,0.26306074004373553,0.3779958666892423,0.8282730485623081,0.8289109406620264,0.6262921822071076,0.0,nan,0,0,0,0,0.0,0.0,0.0,0.0,0.0
-114.994857,600,146.475047,0.0,0.0,8.626550110608113,-114.99485717809985,0.0,0.0,0.0,0.0,0.16524253180840487,600,0.9356875526045139,0.21138571232439923,0.33041331881334274,0.8044125286365549,0.8277659647415082,0.622655496969819,0.0,nan,0,0,0,0,0.0,0.0,0.0,0.0,0.0
-340.152414,600,149.673119,0.0,0.0,6.071418018691408,-340.15241400195276,0.0,0.0,0.0,0.0,0.155680489446776,600,0.9053727355657534,0.5627562324138103,0.9998439412185032,0.7797698731099566,0.8223934546113014,0.6425688468416532,0.0,nan,0,0,0,0,0.0,0.0,0.0,0.0,0.0
-219.219022,600,155.401866,0.0,0.0,9.20813099483146,-219.2190216636803,0.0,0.0,0.0,0.0,0.1652329858599052,600,1.0707271593147722,0.3739205663043267,0.8995827053030412,0.8037121083339055,0.7875906531264385,0.6457683280607065,0.0,nan,0,0,0,0,0.0,0.0,0.0,0.0,0.0
-236.684948,600,161.02122,0.0,0.0,7.168680683322932,-236.6849475482532,0.0,0.0,0.0,0.0,0.14792352921599447,600,1.0501106049562348,0.3810171545747709,0.9916132644333114,0.7977126451581716,0.8028514166673024,0.5967842726161082,0.0,nan,0,0,0,0,0.0,0.0,0.0,0.0,0.0
-198.668031,600,164.573495,0.0,0.0,6.0416659420281,-198.6680310509226,0.0,0.0,0.0,0.0,0.14429024885335037,600,0.8613724050886731,0.34477568725472835,0.8922813331786059,0.7597411865244309,0.8376729538664222,0.6697855253269275,0.0,nan,0,0,0,0,0.0,0.0,0.0,0.0,0.0
-97.277151,600,170.392762,0.0,0.0,8.17395333385791,-97.27715086018438,0.0,0.0,0.0,0.0,0.1331739513462495,600,0.8128143340231121,0.10983376194679441,0.30664648085563095,0.7325862234830857,0.7988785835107167,0.6446376737455527,0.0,nan,0,0,0,0,0.0,0.0,0.0,0.0,0.0
-165.023512,600,173.856757,0.0,0.0,6.7946582004795015,-165.02351178727903,0.0,0.0,0.0,0.0,0.11825676865456404,600,0.8811576537102731,0.3208704361075449,0.5574193692007797,0.7736107547705372,0.8182434892033538,0.6532736762613058,0.0,nan,0,0,0,0,0.0,0.0,0.0,0.0,0.0
-120.375078,600,179.32201,0.0,0.0,9.674087212732195,-120.37507790113035,0.0,0.0,0.0,0.0,0.17937885840100104,600,1.1052179155523492,0.20163215559060815,0.5951141802420427,0.7529408765708406,0.7640991381804149,0.5776539300878842,0.0,nan,0,0,0,0,0.0,0.0,0.0,0.0,0.0
-158.815292,600,183.194175,0.0,0.0,8.738536600503966,-158.8152916059417,0.0,0.0,0.0,0.0,0.165687258955672,600,1.0331864171979455,0.30789655467623,0.600884020303901,0.787196281881382,0.8283648744598031,0.617113984003663,0.0,nan,0,0,0,0,0.0,0.0,0.0,0.0,0.0
-104.092086,600,189.309566,0.0,0.0,16.76938944912894,-104.09208563406774,0.0,0.0,0.0,0.0,0.19907286204306077,600,1.4662148581682914,0.2247546521644252,0.4713390145589744,0.7698228139181932,0.7650632919122775,0.5890557573239008,0.0,nan,0,0,0,0,0.0,0.0,0.0,0.0,0.0
-68.592527,600,194.920058,0.0,0.0,17.826817598414742,-68.59252698491926,0.0,0.0,0.0,0.0,0.20878526596637584,600,1.3963546065950423,0.10404180458395083,0.22897570384691537,0.7677375565841794,0.7349669125676155,0.5914460937182109,0.0,nan,0,0,0,0,0.0,0.0,0.0,0.0,0.0
-90.827028,600,198.469278,0.0,0.0,15.67139444461409,-90.82702765115594,0.0,0.0,0.0,0.0,0.19905340721663922,600,1.3181647550049143,0.18102190713562596,0.34229420556658635,0.753301741220057,0.7833539529393116,0.6078711293141047,0.0,nan,0,0,0,0,0.0,0.0,0.0,0.0,0.0
-56.268274,600,204.446747,0.0,0.0,24.805532817123748,-56.26827365356972,0.0,0.0,0.0,0.0,0.2987202041778114,600,1.8142766039281684,0.09723236566262836,0.28289761053118767,0.7426590430612365,0.6863974553346633,0.5913018384575843,0.0,nan,0,0,0,0,0.0,0.0,0.0,0.0,0.0
-90.097466,600,208.376268,0.0,0.0,19.38580433754829,-90.09746550447223,0.0,0.0,0.0,0.0,0.2209647075930364,600,1.6024960450344978,0.1892945757139654,0.4693750828152578,0.7535943398500482,0.7113641501466433,0.5490281772613526,0.0,nan,0,0,0,0,0.0,0.0,0.0,0.0,0.0
-50.861722,600,213.955244,0.0,0.0,26.72188735913921,-50.8617215343405,0.0,0.0,0.0,0.0,0.26467046905744085,600,1.897905507556859,0.09120712282282248,0.29391682057872787,0.7040689145959914,0.6631186865270138,0.5488592926164468,0.0,nan,0,0,0,0,0.0,0.0,0.0,0.0,0.0
-31.398651,600,219.157738,0.0,0.0,40.971153222597046,-31.39865052540272,0.0,0.0,0.0,0.0,0.4967647985890192,600,2.8472108895848005,0.12982871567098275,0.4442087999288095,0.757618385249128,0.6027292445798715,0.47922112156947455,0.0,nan,0,0,0,0,0.0,0.0,0.0,0.0,0.0
-34.923216,600,222.69122,0.0,0.0,39.871389043167824,-34.923215703206616,0.0,0.0,0.0,0.0,0.5220923125242763,600,3.072211136044505,0.19503913392598138,0.4528224603825157,0.7416044740751385,0.5459048375487328,0.48355460315942767,0.0,nan,0,0,0,0,0.0,0.0,0.0,0.0,0.0
-29.124709,600,228.600888,0.0,0.0,47.57828066557972,-29.124708592670036,0.0,0.0,0.0,0.0,0.4965256488735627,600,3.5648870460746327,0.19678642441273464,0.6480560387654801,0.7153373211001356,0.559612334916989,0.5039556292692821,0.0,nan,0,0,0,0,0.0,0.0,0.0,0.0,0.0
-24.129446,600,231.929575,0.0,0.0,50.864293098990785,-24.129445865124918,0.0,0.0,0.0,0.0,0.5120177424833056,600,3.773072412011257,0.1985833096591042,0.5051083497556339,0.7062535696756095,0.5219313018520673,0.451133330265681,0.0,nan,0,0,0,0,0.0,0.0,0.0,0.0,0.0
35.495382,800,239.362295,0.0,0.0,96.01282868666763,35.49538176176159,0.0,0.0,0.0,0.0,0.9019275583139184,800,4.682101195186341,0.09799946692573083,0.3004100072275815,0.686123532592319,0.5055038121715189,0.4137369675189257,0.0,nan,0,0,0,0,0.0,0.0,0.0,0.0,1.0
25.584034,800,248.275973,0.0,0.0,119.85810763764695,25.584034492827364,0.0,0.0,0.0,0.0,0.4862655756533293,800,6.2701744795840035,0.13672286960045243,0.5685547270931159,0.6634051835443825,0.47354768853634593,0.38669557839632035,0.0,nan,0,0,0,0,0.0,0.0,0.0,0.0,1.0
21.484361,800,257.416702,0.0,0.0,122.55242558306317,21.48436080134115,0.0,0.0,0.0,0.0,0.5210906128068737,800,6.513091380313471,0.17945914578779334,0.5961242113517524,0.6602584772510454,0.4416603552177548,0.38111936070024965,0.0,nan,0,0,0,0,0.0,0.0,0.0,0.0,1.0
27.713683,600,260.851292,0.0,0.0,100.60296242352068,27.71368281924878,0.0,0.0,0.0,0.0,0.27683755316167125,600,7.007338538401715,0.13099143571874267,0.5799254984535994,0.7239708925721546,0.4448430194457372,0.38551352500915526,0.0,nan,0,0,0,0,0.0,0.0,0.0,0.0,0.0
106.980283,481,266.041467,1.0,0.0,100.37099432052175,106.98028278043765,0.0,0.0,0.0,0.0,0.9515411130818915,481,7.1100925297905,0.18133122856298892,0.4690524546544811,0.651337827519047,0.43680649351429296,0.39670112896362114,0.0,nan,0,0,0,0,0.0,0.0,0.0,0.0,1.0
36.221015,800,272.641791,0.0,0.0,146.18116209760868,36.22101549119457,0.0,0.0,0.0,0.0,0.48081229948607146,800,7.620580004940738,0.16417316397881507,0.5266572238858646,0.679549367162399,0.430655020326376,0.3740240167081356,0.0,14.178327420071575,7,0,0,7,0.00875,0.0,0.0,0.00875,1.0
112.166574,798,280.94835,1.0,0.0,222.91375016500655,112.16657398894758,0.0,0.0,0.0,0.0,0.9809678253745889,798,11.902254624883097,0.23240630128677087,1.0458768444399311,0.6474375899246237,0.3763744918475474,0.308892919380862,0.0,nan,10,0,0,10,0.012531328320802004,0.0,0.0,0.012531328320802004,1.0
0.951098,800,289.891713,0.0,0.0,170.08837736058612,0.9510977689815729,0.0,0.0,0.0,0.0,0.8232685779035974,800,10.897143391051992,0.2775888748037856,0.9918774644420189,0.6108292768662795,0.39543273627758024,0.34110735818743704,0.0,nan,15,0,0,15,0.01875,0.0,0.0,0.01875,1.0
-6.899579,752,298.027065,0.0,0.0,137.9869805660417,-6.899578635366312,0.0,0.0,0.0,0.0,0.5390116464259326,752,8.914329480932874,0.2816705023025678,0.6980737258183148,0.6548166960240045,0.4086456116526685,0.36200105470228705,0.0,nan,2,0,0,2,0.0026595744680851063,0.0,0.0,0.0026595744680851063,0.0
-196.696381,178,299.342641,0.0,1.0,25.10742769343596,-196.69638067076076,0.0,0.0,0.0,1.0,0.7497649672404636,178,13.308680614755945,0.3535636172746808,1.0478513703666998,0.6031048629391059,0.2430392965841829,0.22445692975869339,0.0,nan,0,0,0,0,0.0,0.0,0.0,0.0,0.0
96.686801,405,302.174544,1.0,0.0,102.18523706426826,96.68680115130307,0.0,0.0,0.0,0.0,0.9627214176641395,405,10.55526670034529,0.2712104784402432,0.7957186715613882,0.6850418792646609,0.3133014833485639,0.30290249012134696,0.0,nan,6,0,0,6,0.014814814814814815,0.0,0.0,0.014814814814814815,0.0
98.770222,431,308.426682,1.0,0.0,107.81068451182446,98.77022191520737,0.0,0.0,0.0,0.0,0.958919381954585,431,9.542800864309848,0.2493659466501347,0.9689464162290558,0.6984331243932939,0.3644374853773626,0.3121493511299523,0.0,nan,3,0,0,3,0.0069605568445475635,0.0,0.0,0.0069605568445475635,1.0
115.020664,836,317.370022,1.0,0.0,221.9612498868337,115.02066362497963,0.0,0.0,0.0,0.0,0.9813702842421893,836,11.361532596361007,0.25549928890863377,0.7516384912787792,0.5929548835747265,0.38157888769247883,0.31747433300794026,0.0,nan,7,0,0,7,0.008373205741626795,0.0,0.0,0.008373205741626795,2.0
33.375011,1000,332.082833,0.0,0.0,260.4705144445284,33.37501050702609,0.0,0.0,0.0,0.0,0.7927015343359128,1000,12.465143136433054,0.2656807524355147,0.8991460500091879,0.6135939018055797,0.3413429346084595,0.3138409410119057,1.1115559019295063e-06,4.9944422204903525,21,5,0,16,0.021,0.005,0.0,0.016,2.0
89.906584,1000,349.234108,0.0,0.0,241.11401968641775,89.90658359670869,0.0,0.0,0.0,0.0,0.837929725086678,1000,10.006826142312674,0.15168090192567818,0.5947226284343887,0.6515872880071402,0.3989367914199829,0.36337574976682663,0.0036109880507009303,3.0946252626400206,34,15,5,14,0.034,0.015,0.005,0.014,2.0
-255.978297,800,359.772323,0.0,0.0,97.89439925515364,-255.9782974003599,0.0,0.0,0.0,0.0,0.381882115473727,800,9.415930336435355,0.5565433194602423,1.1283212843337846,0.6245028368197382,0.38746700182557103,0.3335686276853085,0.016596022927182846,0.055580745491159926,16,0,16,0,0.02,0.0,0.02,0.0,1.0
-58.736034,800,368.39507,0.0,0.0,148.2313320414734,-58.736033999200906,0.0,0.0,0.0,0.0,0.4413532969464404,800,9.630015085450676,0.33120941436396384,0.9461750682045416,0.6459506694134325,0.38499658346176147,0.34535631209611894,0.0,nan,1,0,0,1,0.00125,0.0,0.0,0.00125,1.0
-73.808767,800,377.055007,0.0,0.0,158.77232221633363,-73.80876737740927,0.0,0.0,0.0,0.0,0.6386632866628574,800,10.915009446379829,0.3720649184719266,0.9951861305121916,0.5839474623370916,0.4283644469454885,0.3851849482953548,0.0,nan,18,0,0,18,0.0225,0.0,0.0,0.0225,1.0
-22.761294,800,385.444868,0.0,0.0,196.98501824620777,-22.76129414119498,0.0,0.0,0.0,0.0,0.8364619225588192,800,12.824950170436923,0.3440498588560936,0.9883729184007017,0.6146032474376262,0.3967360170185566,0.33686461493372916,0.0,nan,19,0,0,19,0.02375,0.0,0.0,0.02375,1.0
24.118994,800,391.848412,0.0,0.0,153.77311658022649,24.11899379007903,0.0,0.0,0.0,0.0,0.4880274193476138,800,8.811313580399139,0.21503006410599276,0.9999326883588456,0.6153592449985444,0.44127523571252825,0.3805304522067308,0.0,nan,3,0,0,3,0.00375,0.0,0.0,0.00375,1.0
162.733007,638,399.204965,1.0,0.0,227.03810125260406,162.7330074809998,0.0,0.0,0.0,0.0,0.9805227258183773,638,13.908354162342102,0.1834666250590445,0.7416706847066064,0.5633100215637572,0.37907009036937106,0.3354566967973141,0.0,nan,27,0,0,27,0.04231974921630094,0.0,0.0,0.04231974921630094,1.0
0.75873,800,407.58236,0.0,0.0,143.2541957943672,0.7587299095994626,0.0,0.0,0.0,0.0,0.6089749655054789,800,9.121776944227484,0.25440625597941774,0.8038061378846241,0.5559425229951739,0.43077053759247064,0.37572957538068297,0.0,nan,4,0,0,4,0.005,0.0,0.0,0.005,1.0
77.852587,800,416.175491,0.0,0.0,230.00423226422112,77.85258738242614,0.0,0.0,0.0,0.0,0.7137402605541374,800,12.66775146991404,0.2059193067979873,0.7302118440846971,0.5376995453890413,0.4010902137681842,0.33361202850937843,0.0,18.953609346326825,33,0,0,33,0.04125,0.0,0.0,0.04125,1.0
171.343643,561,420.035743,1.0,0.0,220.3094954556369,171.3436434839029,0.0,0.0,0.0,0.0,0.9793862236668072,561,15.0578307752371,0.1649382683627746,0.6148160271208629,0.5035189702416274,0.371920177749559,0.3118190312768049,0.0,nan,44,0,0,44,0.0784313725490196,0.0,0.0,0.0784313725490196,1.0
81.227472,800,428.461959,0.0,0.0,248.16673798055805,81.227471971662,0.0,0.0,0.0,0.0,0.5831548583180891,800,14.28275948125872,0.20897309834635397,0.5850447619706014,0.5260192029830069,0.4202252246439457,0.3775559715181589,0.0,289.0188102366624,51,0,0,51,0.06375,0.0,0.0,0.06375,1.0
109.351859,800,437.557202,0.0,0.0,264.4464111373528,109.35185931866414,0.0,0.0,0.0,0.0,0.8978312058290515,800,14.487727456015483,0.19077639666463905,0.6958797270207853,0.5371857026219368,0.4067174058407545,0.34801128551363947,0.0,nan,54,0,0,54,0.0675,0.0,0.0,0.0675,1.0
207.65399,924,450.445465,1.0,0.0,362.6276510681694,207.65399025689868,0.0,0.0,0.0,0.0,0.9879132914974398,924,15.883867164056815,0.1864544685057436,0.8298091184426544,0.5675791461480322,0.41049218061682463,0.35322152187813927,0.0,nan,133,0,0,133,0.14393939393939395,0.0,0.0,0.14393939393939395,2.0
58.129718,1000,467.688422,0.0,0.0,319.3702650476324,58.12971779785992,0.0,0.0,0.0,0.0,0.6659497463344145,1000,14.917249638041717,0.24929468745997652,1.4965507900773227,0.5395336196497083,0.4226497347354889,0.3755028594732285,0.0,10.59129087007322,95,0,0,95,0.095,0.0,0.0,0.095,2.0
88.85382,1000,485.553738,0.0,0.0,343.662112469759,88.853819814095,0.0,0.0,0.0,0.0,0.7851094521657296,1000,16.059927222825138,0.2534945571486905,0.9362710458973906,0.4897056479975581,0.42332393789291384,0.37346975898742674,0.0,nan,122,0,0,122,0.122,0.0,0.0,0.122,2.0
-176.022053,162,488.871945,0.0,1.0,31.289100005624434,-176.0220530641738,1.0,1.0,0.0,0.0,0.11237351456264805,162,13.372067875605067,0.31822191871199573,0.8754120306536954,0.48142317309975624,0.39887330855852293,0.347252067224479,0.0,nan,19,0,0,19,0.11728395061728394,0.0,0.0,0.11728395061728394,2.0
44.24919,1000,506.285756,0.0,0.0,321.493070864875,44.2491901436597,0.0,0.0,0.0,0.0,0.7817645434450773,1000,15.822227233508277,0.2989707297599805,0.9803188175172611,0.4974483661353588,0.428063269674778,0.36376754015684126,0.0,9.547796748947368,153,0,0,153,0.153,0.0,0.0,0.153,2.0
104.637136,1000,523.751312,0.0,0.0,363.4820999432488,104.63713639906314,0.0,0.0,0.0,0.0,0.7314277983833685,1000,16.450665633581654,0.23973478029415926,1.0051437417534321,0.5096216326877475,0.4708095716834068,0.384342644572258,0.0,9.220814437434788,195,0,0,195,0.195,0.0,0.0,0.195,2.0
102.999762,1000,540.737568,0.0,0.0,332.484392843017,102.99976161129409,0.0,0.0,0.0,0.0,0.8581731009090288,1000,15.045378300827613,0.2331746499542763,0.8011333658551718,0.5008628693334758,0.43660835868120196,0.37019801819324494,0.0,17.540882600391193,89,0,0,89,0.089,0.0,0.0,0.089,2.0
75.987722,1000,557.756748,0.0,0.0,337.2073438918634,75.98772223516036,0.0,0.0,0.0,0.0,0.6857771518855672,1000,15.766324519802733,0.2539746603744482,0.9795360428943903,0.49139754902664573,0.418119038105011,0.3894189230799675,0.026184575665040087,0.013432098440260151,235,15,35,185,0.235,0.015,0.035,0.185,2.0
130.5222,1000,575.116084,0.0,0.0,354.2559584765072,130.52220010304646,0.0,0.0,0.0,0.0,0.89607182173524,1000,15.1230753814904,0.19109415737143662,0.8673582267695403,0.4930950028374791,0.44177699905633927,0.38751126646995543,0.02270732938160282,1.6388299403376585,281,28,38,215,0.281,0.028,0.038,0.215,2.0
172.707299,1000,590.947795,0.0,0.0,389.62802119442244,172.70729872846576,0.0,0.0,0.0,0.0,0.9243999934584135,1000,16.205809349899855,0.16406603716579593,0.5564961941950788,0.45509099873900416,0.4562144139111042,0.4046167188286781,0.0125341566002321,0.39378558068190894,266,2,17,247,0.266,0.002,0.017,0.247,2.0
175.546214,1000,612.736752,0.0,0.0,409.57136668070274,175.5462138322182,0.0,0.0,0.0,0.0,0.7061669255172845,1000,16.91826885569242,0.1575150089555948,0.8636314977871908,0.4954441989399493,0.4645624564290047,0.424558331489563,0.0,11.980088629810938,288,0,0,288,0.288,0.0,0.0,0.288,2.0
240.244735,830,625.597059,1.0,0.0,373.74097297793736,240.244735458835,0.0,0.0,0.0,0.0,0.9876262161526796,830,17.383809249599025,0.14846938788934208,0.5514549958348702,0.48662830832672405,0.5021299178341785,0.46491629488496894,0.0,15.612321431725201,287,0,0,287,0.3457831325301205,0.0,0.0,0.3457831325301205,2.0
167.783433,1000,642.643657,0.0,0.0,396.79444391631256,167.78343334457878,0.0,0.0,0.0,0.0,0.8592381488240852,1000,17.19484863651507,0.1800192187936875,0.6613175127693584,0.45817947460711,0.5073598511219025,0.42888527250289915,0.0,9.076992283371785,304,0,0,304,0.304,0.0,0.0,0.304,2.0
203.818534,1000,661.924752,0.0,0.0,428.94389702069066,203.81853444051126,0.0,0.0,0.0,0.0,0.746701508416431,1000,16.921651440679103,0.12282871664703451,0.5075853407239425,0.4617243814282119,0.47631780815124514,0.44168767046928403,0.0,5.661453034696416,321,1,0,320,0.321,0.001,0.0,0.32,2.0
107.556905,1000,680.551168,0.0,0.0,362.23817615257497,107.55690524521343,0.0,0.0,0.0,0.0,0.8316799918540502,1000,16.445773384200002,0.24291703176543958,0.7950150567647092,0.4681675366051495,0.45716089445352553,0.42960397124290467,0.0002649184122584451,4.574009659647561,263,19,0,244,0.263,0.019,0.0,0.244,2.0
38.074605,1000,701.53103,0.0,0.0,300.51831181714346,38.074605459083976,0.0,0.0,0.0,0.0,0.6660145626358134,1000,16.37565082308036,0.29218029217743924,0.8780934429564418,0.43828748314641414,0.4924739211201668,0.4147111828327179,0.0,12.255562670544446,277,0,0,277,0.277,0.0,0.0,0.277,2.0
