label,role,variant,algo,train_seed,action_filter,sensitivity_axis,sensitivity_value,override_ttc_threshold,override_target_speed_kmh,density,scenario_start_seed,map_seed,episode,success,cost,route_completion,collision,crash_vehicle,crash_object,out_of_road,episode_length,reward,shaped_reward,mean_speed_kmh,median_speed_kmh,p10_speed_kmh,stop_ratio,low_progress,progress_per_cost,path_length_m,mean_ttc,min_ttc,ttc_risk_mean,ttc_dangerous_fraction,intervention_count,soft_guard_count,hard_shield_count,overspeed_guard_count,intervention_rate_per_100_steps,intervention_rate_per_km,policy_inference_ms_mean,policy_inference_ms_p50,policy_inference_ms_p95,policy_inference_ms_p99,env_step_wall_ms_mean,env_step_wall_ms_p95,control_loop_wall_ms_mean,control_loop_wall_ms_p95,total_action_latency_ms_mean,total_action_latency_ms_p95,source_config_json,source_model_path
gated_risk,refinement,proposed_gated_risk,ppo,2,none,ttc_threshold,10,10.0,,0.15,10000,10000,0,1.0,0.0,0.9911265629797529,0.0,0.0,0.0,0.0,1162.0,439.2878371711002,180.03610217616637,16.27213103440382,18.289990691145757,5.663073515108304,0.018072289156626505,0.0,991126.5629797529,524.533442890661,39.839305613489955,0.20050422719752053,0.014326196707635483,0.055793991416309016,854.0,36.0,14.0,804.0,73.49397590361446,1628.1135389455353,1.4358920456407585,0.9257205019821413,4.255204396758928,5.484704166301554,13.164664059348919,23.24300594846136,14.600556104989677,24.886652600980604,1.4358920456407585,4.255204396758928,/home/aaa/data/qj/stable-baselines3-master/risk_curriculum_metadrive/outputs/gated_risk_proposed_nenv16_seed2_1m/runs/proposed_gated_risk_ppo_s2/config.json,/home/aaa/data/qj/stable-baselines3-master/risk_curriculum_metadrive/outputs/gated_risk_proposed_nenv16_seed2_1m/runs/proposed_gated_risk_ppo_s2/model/final_model.zip
gated_risk,refinement,proposed_gated_risk,ppo,2,none,ttc_threshold,10,10.0,,0.15,10000,10001,1,1.0,0.0,0.9911043166419915,0.0,0.0,0.0,0.0,1004.0,428.1117302797939,232.92498868003082,18.29661477520206,18.446598977981456,17.967625165679724,0.0,0.0,991104.3166419915,509.83918687476233,35.1458009302813,8.519190165823588,0.0001474910193402801,0.0,867.0,1.0,0.0,866.0,86.35458167330677,1700.5362128293427,1.365463210048805,0.902596497326158,4.866518000198994,6.115169783151944,9.88863134073498,18.297236701619113,11.254094550783785,20.007931150030338,1.365463210048805,4.866518000198994,/home/aaa/data/qj/stable-baselines3-master/risk_curriculum_metadrive/outputs/gated_risk_proposed_nenv16_seed2_1m/runs/proposed_gated_risk_ppo_s2/config.json,/home/aaa/data/qj/stable-baselines3-master/risk_curriculum_metadrive/outputs/gated_risk_proposed_nenv16_seed2_1m/runs/proposed_gated_risk_ppo_s2/model/final_model.zip
gated_risk,refinement,proposed_gated_risk,ppo,2,none,ttc_threshold,10,10.0,,0.15,10000,10002,2,0.0,1.0,0.5327153068745167,1.0,1.0,0.0,0.0,661.0,229.24160214283324,-55.985695618623744,16.06899946526097,18.273568526806983,7.850840411492431,0.06202723146747353,0.0,0.5327153068745167,294.51211639758344,37.31882425730182,0.40705453674911357,0.05637796915835169,0.2356020942408377,497.0,12.0,44.0,441.0,75.18910741301059,1687.5366829698216,1.15825271239376,0.905009001144208,3.3121309970738366,5.0182367995148525,15.197661919851292,25.721120997332036,16.355914632245053,27.024897004594095,1.15825271239376,3.3121309970738366,/home/aaa/data/qj/stable-baselines3-master/risk_curriculum_metadrive/outputs/gated_risk_proposed_nenv16_seed2_1m/runs/proposed_gated_risk_ppo_s2/config.json,/home/aaa/data/qj/stable-baselines3-master/risk_curriculum_metadrive/outputs/gated_risk_proposed_nenv16_seed2_1m/runs/proposed_gated_risk_ppo_s2/model/final_model.zip
gated_risk,refinement,proposed_gated_risk,ppo,2,none,ttc_threshold,10,10.0,,0.15,10000,10003,3,1.0,0.0,0.9903999460676675,0.0,0.0,0.0,0.0,920.0,382.3530395548056,214.35090205410265,18.255774695598642,18.461959923402624,17.9611224776297,0.0,0.0,990399.9460676674,466.0896628218711,58.93603724846278,9.807252214834318,3.091290849441992e-05,0.0,798.0,2.0,0.0,796.0,86.73913043478261,1712.116924388811,1.1652734923700336,0.9194689992000349,2.9287174482305978,5.566746161493926,5.429410530506056,8.876473896816606,6.5946840228760895,10.185420558991607,1.1652734923700336,2.9287174482305978,/home/aaa/data/qj/stable-baselines3-master/risk_curriculum_metadrive/outputs/gated_risk_proposed_nenv16_seed2_1m/runs/proposed_gated_risk_ppo_s2/config.json,/home/aaa/data/qj/stable-baselines3-master/risk_curriculum_metadrive/outputs/gated_risk_proposed_nenv16_seed2_1m/runs/proposed_gated_risk_ppo_s2/model/final_model.zip
gated_risk,refinement,proposed_gated_risk,ppo,2,none,ttc_threshold,10,10.0,,0.15,10000,10004,4,0.0,1.0,0.4000518744070303,1.0,1.0,0.0,0.0,679.0,172.90386802609973,-68.91545508754083,11.79116811589591,15.095793122158499,1.669616727600439,0.08394698085419734,0.0,0.4000518744070303,221.13735784165507,27.266570854103232,6.624456413294963,0.013361922772427877,0.0,364.0,73.0,0.0,291.0,53.608247422680414,1646.0357650679782,1.454616729086073,0.9184969967463985,4.998950610752218,5.973970965424088,13.5371434980738,22.47929169825511,14.991760227159872,24.744239010033198,1.454616729086073,4.998950610752218,/home/aaa/data/qj/stable-baselines3-master/risk_curriculum_metadrive/outputs/gated_risk_proposed_nenv16_seed2_1m/runs/proposed_gated_risk_ppo_s2/config.json,/home/aaa/data/qj/stable-baselines3-master/risk_curriculum_metadrive/outputs/gated_risk_proposed_nenv16_seed2_1m/runs/proposed_gated_risk_ppo_s2/model/final_model.zip
gated_risk,refinement,proposed_gated_risk,ppo,2,none,ttc_threshold,10,10.0,,0.15,10000,10005,5,1.0,0.0,0.9908079523862887,0.0,0.0,0.0,0.0,1016.0,406.3047290380988,201.84400979825014,17.364357681767423,18.397883436211337,14.984304016003946,0.021653543307086614,0.0,990807.9523862888,489.49874696319904,23.27213487653255,2.456580314311779,0.013660875360628252,0.13934426229508196,822.0,19.0,18.0,785.0,80.90551181102363,1679.2688543118961,1.3234634637149962,0.8948569957283325,4.720600496511906,5.571964951377598,9.3159178471778,18.199960755737266,10.639381310892796,20.02444499885314,1.3234634637149962,4.720600496511906,/home/aaa/data/qj/stable-baselines3-master/risk_curriculum_metadrive/outputs/gated_risk_proposed_nenv16_seed2_1m/runs/proposed_gated_risk_ppo_s2/config.json,/home/aaa/data/qj/stable-baselines3-master/risk_curriculum_metadrive/outputs/gated_risk_proposed_nenv16_seed2_1m/runs/proposed_gated_risk_ppo_s2/model/final_model.zip
gated_risk,refinement,proposed_gated_risk,ppo,2,none,ttc_threshold,10,10.0,,0.15,10000,10006,6,1.0,0.0,0.9927227340392577,0.0,0.0,0.0,0.0,1226.0,520.844173423869,269.3588757016074,18.304982333375644,18.461762622668658,17.956842414493337,0.0,0.0,992722.7340392577,622.9361790400648,21.529481033214974,8.526203177461444,0.00023553989296207407,0.0,1059.0,5.0,0.0,1054.0,86.3784665579119,1700.0136380453982,1.2878805220092542,0.9141805057879537,4.153448247961933,5.8327004917373415,8.463796065428706,21.09709525029757,9.751676587437961,23.138714241213165,1.2878805220092542,4.153448247961933,/home/aaa/data/qj/stable-baselines3-master/risk_curriculum_metadrive/outputs/gated_risk_proposed_nenv16_seed2_1m/runs/proposed_gated_risk_ppo_s2/config.json,/home/aaa/data/qj/stable-baselines3-master/risk_curriculum_metadrive/outputs/gated_risk_proposed_nenv16_seed2_1m/runs/proposed_gated_risk_ppo_s2/model/final_model.zip
gated_risk,refinement,proposed_gated_risk,ppo,2,none,ttc_threshold,10,10.0,,0.15,10000,10007,7,0.0,0.0,0.6574270943111362,0.0,0.0,0.0,0.0,1500.0,469.1236198216138,110.20179674306269,12.997668674964414,14.374962925595273,4.001888874125482,0.05533333333333333,0.0,657427.0943111363,540.8395574925192,50.43213265435985,1.0490241365216753,0.01466482590296431,0.01042654028436019,559.0,148.0,11.0,400.0,37.266666666666666,1033.5782437802397,1.3424185343804613,0.9102760013774969,4.820007290982175,5.8917208095954265,29.575581700744806,68.02714634031871,30.918000235125266,70.08099425365799,1.3424185343804613,4.820007290982175,/home/aaa/data/qj/stable-baselines3-master/risk_curriculum_metadrive/outputs/gated_risk_proposed_nenv16_seed2_1m/runs/proposed_gated_risk_ppo_s2/config.json,/home/aaa/data/qj/stable-baselines3-master/risk_curriculum_metadrive/outputs/gated_risk_proposed_nenv16_seed2_1m/runs/proposed_gated_risk_ppo_s2/model/final_model.zip
gated_risk,refinement,proposed_gated_risk,ppo,2,none,ttc_threshold,10,10.0,,0.15,10000,10008,8,1.0,0.0,0.9905885342901238,0.0,0.0,0.0,0.0,1251.0,437.1609458807672,194.7946324611724,14.404180173585676,17.979777690701646,6.528928864619127,0.026378896882494004,0.0,990588.5342901238,499.5173728229904,46.010070258575716,0.008035904117927055,0.02916084295779237,0.049924357034795766,732.0,94.0,33.0,605.0,58.51318944844125,1465.4144977243714,1.0011423694811648,0.8810059953248128,1.3414335044217296,4.452579501958098,7.618478585094072,15.259385007084347,8.619620954575238,17.4305615000776,1.0011423694811648,1.3414335044217296,/home/aaa/data/qj/stable-baselines3-master/risk_curriculum_metadrive/outputs/gated_risk_proposed_nenv16_seed2_1m/runs/proposed_gated_risk_ppo_s2/config.json,/home/aaa/data/qj/stable-baselines3-master/risk_curriculum_metadrive/outputs/gated_risk_proposed_nenv16_seed2_1m/runs/proposed_gated_risk_ppo_s2/model/final_model.zip
gated_risk,refinement,proposed_gated_risk,ppo,2,none,ttc_threshold,10,10.0,,0.15,10000,10009,9,0.0,1.0,0.61371254061402,1.0,1.0,0.0,0.0,563.0,212.24087138180735,-32.71174172020356,18.140437682993078,18.438814769500947,17.943859092281286,0.0,0.0,0.61371254061402,283.55801675827803,52.99992390133859,0.714345442459612,0.00450252851497776,0.06666666666666667,480.0,1.0,2.0,477.0,85.2575488454707,1692.775275717847,1.145640928929938,0.8811250008875504,3.5824426042381603,5.240258866106159,6.02409057383782,12.041942399810068,7.169731502767758,13.94393219379708,1.145640928929938,3.5824426042381603,/home/aaa/data/qj/stable-baselines3-master/risk_curriculum_metadrive/outputs/gated_risk_proposed_nenv16_seed2_1m/runs/proposed_gated_risk_ppo_s2/config.json,/home/aaa/data/qj/stable-baselines3-master/risk_curriculum_metadrive/outputs/gated_risk_proposed_nenv16_seed2_1m/runs/proposed_gated_risk_ppo_s2/model/final_model.zip
gated_risk,refinement,proposed_gated_risk,ppo,2,none,ttc_threshold,10,10.0,,0.15,10000,10010,10,0.0,1.0,0.6343340645110452,0.0,0.0,0.0,1.0,772.0,249.81655787799764,-144.49436949631763,17.002299405825926,18.23218891305379,12.372288433270876,0.0012953367875647669,0.0,0.6343340645110452,364.1648187469222,18.80927889243298,5.3714249554274325,0.005467986976376879,0.0,542.0,40.0,1.0,501.0,70.20725388601036,1488.3370718374229,1.232595401460189,0.9037635027198121,4.452978957851877,5.5757847924542085,19.366587408220546,45.4072237946093,20.599182809680734,47.85180159960871,1.232595401460189,4.452978957851877,/home/aaa/data/qj/stable-baselines3-master/risk_curriculum_metadrive/outputs/gated_risk_proposed_nenv16_seed2_1m/runs/proposed_gated_risk_ppo_s2/config.json,/home/aaa/data/qj/stable-baselines3-master/risk_curriculum_metadrive/outputs/gated_risk_proposed_nenv16_seed2_1m/runs/proposed_gated_risk_ppo_s2/model/final_model.zip
gated_risk,refinement,proposed_gated_risk,ppo,2,none,ttc_threshold,10,10.0,,0.15,10000,10011,11,0.0,1.0,0.8240857146715077,1.0,1.0,0.0,0.0,1222.0,408.5605731552989,40.49033727415895,14.539474234465985,18.070979379073023,4.781385211142568,0.00900163666121113,0.0,0.8240857146715077,492.8953521626569,32.99318463150666,0.6705447588505271,0.007528805997002551,0.0030257186081694403,744.0,89.0,2.0,653.0,60.883797054009825,1509.448195718587,1.3620747298335865,0.8966390014393255,4.887066443916411,6.513340098172181,13.875841049029422,25.753659308247734,15.237915778863007,27.61257653910434,1.3620747298335865,4.887066443916411,/home/aaa/data/qj/stable-baselines3-master/risk_curriculum_metadrive/outputs/gated_risk_proposed_nenv16_seed2_1m/runs/proposed_gated_risk_ppo_s2/config.json,/home/aaa/data/qj/stable-baselines3-master/risk_curriculum_metadrive/outputs/gated_risk_proposed_nenv16_seed2_1m/runs/proposed_gated_risk_ppo_s2/model/final_model.zip
gated_risk,refinement,proposed_gated_risk,ppo,2,none,ttc_threshold,10,10.0,,0.15,10000,10012,12,1.0,0.0,0.989010790903881,0.0,0.0,0.0,0.0,945.0,383.39521858575506,186.82248297935774,16.67978951424203,18.25789533498714,11.89244747280947,0.020105820105820106,0.0,989010.7909038811,437.15198785453623,20.603946833742246,1.6955465035649573,0.020170267009813385,0.0684931506849315,662.0,29.0,27.0,606.0,70.05291005291005,1514.3474544150597,1.4004811651021656,0.9166230011032894,4.6068847994320095,5.848064877791328,8.235557198927308,17.052388199954294,9.636038364029474,19.011911191046238,1.4004811651021656,4.6068847994320095,/home/aaa/data/qj/stable-baselines3-master/risk_curriculum_metadrive/outputs/gated_risk_proposed_nenv16_seed2_1m/runs/proposed_gated_risk_ppo_s2/config.json,/home/aaa/data/qj/stable-baselines3-master/risk_curriculum_metadrive/outputs/gated_risk_proposed_nenv16_seed2_1m/runs/proposed_gated_risk_ppo_s2/model/final_model.zip
gated_risk,refinement,proposed_gated_risk,ppo,2,none,ttc_threshold,10,10.0,,0.15,10000,10013,13,1.0,0.0,0.9922279687482031,0.0,0.0,0.0,0.0,1061.0,460.8569460382026,265.129041166633,18.248211429787634,18.44018066220812,17.949117736172802,0.0,0.0,992227.9687482031,537.3572200305886,37.297845898084276,8.964079431504432,0.0002599069538993714,0.0,904.0,6.0,0.0,898.0,85.20263901979264,1682.3073484497716,1.1524461309977874,0.8944150031311437,3.4414029942126945,5.171518601127903,10.357852686238479,22.87346200319007,11.510298817236267,24.348613995243795,1.1524461309977874,3.4414029942126945,/home/aaa/data/qj/stable-baselines3-master/risk_curriculum_metadrive/outputs/gated_risk_proposed_nenv16_seed2_1m/runs/proposed_gated_risk_ppo_s2/config.json,/home/aaa/data/qj/stable-baselines3-master/risk_curriculum_metadrive/outputs/gated_risk_proposed_nenv16_seed2_1m/runs/proposed_gated_risk_ppo_s2/model/final_model.zip
gated_risk,refinement,proposed_gated_risk,ppo,2,none,ttc_threshold,10,10.0,,0.15,10000,10014,14,0.0,0.0,0.775850839799134,0.0,0.0,0.0,0.0,1500.0,575.3565233841116,224.28298215521752,15.274344927651068,18.01236841172941,8.801545449677889,0.026,0.0,775850.8397991341,635.5851994670386,27.633939218719558,0.8778675443210319,0.008456361916438887,0.0046439628482972135,855.0,97.0,5.0,753.0,56.99999999999999,1345.2169759726135,1.149627158292181,0.8948849936132319,3.338453803735319,5.185831978742498,19.352149366100395,41.57453649095259,20.50177652439258,43.83896409490262,1.149627158292181,3.338453803735319,/home/aaa/data/qj/stable-baselines3-master/risk_curriculum_metadrive/outputs/gated_risk_proposed_nenv16_seed2_1m/runs/proposed_gated_risk_ppo_s2/config.json,/home/aaa/data/qj/stable-baselines3-master/risk_curriculum_metadrive/outputs/gated_risk_proposed_nenv16_seed2_1m/runs/proposed_gated_risk_ppo_s2/model/final_model.zip
gated_risk,refinement,proposed_gated_risk,ppo,2,none,ttc_threshold,10,10.0,,0.15,10000,10015,15,0.0,0.0,0.6423512286995099,0.0,0.0,0.0,0.0,1500.0,400.4002699910152,60.781075705274894,10.840630537693045,10.365450272772808,2.7658290906607235,0.038,0.0,642351.2286995099,450.3341560323939,51.23088920773573,1.3892232684070407,0.019559501793984902,0.008620689655172414,542.0,163.0,10.0,369.0,36.13333333333333,1203.550725033196,1.2598851122020278,0.9179800035781227,4.428121745877432,5.275971625960665,15.18740730556116,29.700126399256984,16.44729241776319,31.20456974211265,1.2598851122020278,4.428121745877432,/home/aaa/data/qj/stable-baselines3-master/risk_curriculum_metadrive/outputs/gated_risk_proposed_nenv16_seed2_1m/runs/proposed_gated_risk_ppo_s2/config.json,/home/aaa/data/qj/stable-baselines3-master/risk_curriculum_metadrive/outputs/gated_risk_proposed_nenv16_seed2_1m/runs/proposed_gated_risk_ppo_s2/model/final_model.zip
gated_risk,refinement,proposed_gated_risk,ppo,2,none,ttc_threshold,10,10.0,,0.15,10000,10016,16,1.0,0.0,0.9901499275391612,0.0,0.0,0.0,0.0,1012.0,405.845656196089,192.1793852166211,17.39252209329787,18.368183524616747,17.883440298146454,0.02766798418972332,0.0,990149.9275391613,488.44505554354464,5.454690349112913,1.11663841312404,0.024541353956302737,0.6875,844.0,0.0,33.0,811.0,83.399209486166,1727.9323240580084,1.1983266917437871,0.8799819988780655,4.079478046332951,5.749511651374632,6.394908771621364,14.274469596421111,7.5932354633651515,15.831508192786709,1.1983266917437871,4.079478046332951,/home/aaa/data/qj/stable-baselines3-master/risk_curriculum_metadrive/outputs/gated_risk_proposed_nenv16_seed2_1m/runs/proposed_gated_risk_ppo_s2/config.json,/home/aaa/data/qj/stable-baselines3-master/risk_curriculum_metadrive/outputs/gated_risk_proposed_nenv16_seed2_1m/runs/proposed_gated_risk_ppo_s2/model/final_model.zip
gated_risk,refinement,proposed_gated_risk,ppo,2,none,ttc_threshold,10,10.0,,0.15,10000,10017,17,0.0,0.0,0.7445756581052371,0.0,0.0,0.0,0.0,1500.0,491.11450005376037,110.39568532801098,14.009083071146726,17.894546560953295,4.787997989043796,0.014666666666666666,0.0,744575.6581052371,582.8457967810356,63.06565792860085,1.7224966026459474,0.014568723332377059,0.00904977375565611,797.0,118.0,12.0,667.0,53.13333333333333,1367.4285795689082,1.2920768300245982,0.9244019965990447,4.211439550272188,5.96160548782791,20.55582275103855,38.21058769681258,21.84789958106315,39.90662855503615,1.2920768300245982,4.211439550272188,/home/aaa/data/qj/stable-baselines3-master/risk_curriculum_metadrive/outputs/gated_risk_proposed_nenv16_seed2_1m/runs/proposed_gated_risk_ppo_s2/config.json,/home/aaa/data/qj/stable-baselines3-master/risk_curriculum_metadrive/outputs/gated_risk_proposed_nenv16_seed2_1m/runs/proposed_gated_risk_ppo_s2/model/final_model.zip
gated_risk,refinement,proposed_gated_risk,ppo,2,none,ttc_threshold,10,10.0,,0.15,10000,10018,18,1.0,0.0,0.991536778849153,0.0,0.0,0.0,0.0,908.0,393.278161208887,235.9662062142704,16.93618714183238,18.33099190483607,11.335736593155424,0.019823788546255508,0.0,991536.7788491531,426.52338772005686,21.72285434302484,3.1779784004087643,0.012275720898707654,0.05504587155963303,694.0,21.0,18.0,655.0,76.431718061674,1627.1088994901681,1.2841524307806833,0.911098497454077,4.296582854294683,5.526423118280944,10.961157037345883,20.152603046881264,12.245309468126566,22.21028839703649,1.2841524307806833,4.296582854294683,/home/aaa/data/qj/stable-baselines3-master/risk_curriculum_metadrive/outputs/gated_risk_proposed_nenv16_seed2_1m/runs/proposed_gated_risk_ppo_s2/config.json,/home/aaa/data/qj/stable-baselines3-master/risk_curriculum_metadrive/outputs/gated_risk_proposed_nenv16_seed2_1m/runs/proposed_gated_risk_ppo_s2/model/final_model.zip
gated_risk,refinement,proposed_gated_risk,ppo,2,none,ttc_threshold,10,10.0,,0.15,10000,10019,19,1.0,0.0,0.9935002962224584,0.0,0.0,0.0,0.0,1388.0,587.8256515691368,310.08389898866363,17.679594182862097,18.40571472472536,17.684840295865037,0.004322766570605188,0.0,993500.2962224585,681.0674857768568,18.533196377977855,4.974494671541822,0.0025091340851697633,0.005405405405405406,1132.0,25.0,2.0,1105.0,81.55619596541787,1662.0966697724368,1.1815453848879722,0.8914235077099875,4.67694430335541,5.238805056142154,13.011938647627233,30.10485814884305,14.193484032515206,32.26791580818826,1.1815453848879722,4.67694430335541,/home/aaa/data/qj/stable-baselines3-master/risk_curriculum_metadrive/outputs/gated_risk_proposed_nenv16_seed2_1m/runs/proposed_gated_risk_ppo_s2/config.json,/home/aaa/data/qj/stable-baselines3-master/risk_curriculum_metadrive/outputs/gated_risk_proposed_nenv16_seed2_1m/runs/proposed_gated_risk_ppo_s2/model/final_model.zip
gated_risk,refinement,proposed_gated_risk,ppo,2,none,ttc_threshold,10,10.0,,0.15,20000,20000,0,1.0,0.0,0.9861869002391717,0.0,0.0,0.0,0.0,722.0,302.4580592895435,175.6832538952986,17.31772276743556,18.374625831929926,17.71086755734464,0.0221606648199446,0.0,986186.9002391717,346.85413870161995,20.729485451424726,2.322540948362429,0.01841258097002564,0.40476190476190477,591.0,1.0,21.0,569.0,81.85595567867036,1703.8862566619268,0.9978225873630052,0.8796429974609055,1.3636662501085075,4.171387641545133,5.2972812980069675,10.734944299474577,6.295103885369973,11.808546839893094,0.9978225873630052,1.3636662501085075,/home/aaa/data/qj/stable-baselines3-master/risk_curriculum_metadrive/outputs/gated_risk_proposed_nenv16_seed2_1m/runs/proposed_gated_risk_ppo_s2/config.json,/home/aaa/data/qj/stable-baselines3-master/risk_curriculum_metadrive/outputs/gated_risk_proposed_nenv16_seed2_1m/runs/proposed_gated_risk_ppo_s2/model/final_model.zip
gated_risk,refinement,proposed_gated_risk,ppo,2,none,ttc_threshold,10,10.0,,0.15,20000,20001,1,1.0,0.0,0.9902465548068013,0.0,0.0,0.0,0.0,1052.0,447.12845415260693,236.0505007355042,17.668939677279415,18.358699794344375,17.494023854591198,0.0076045627376425855,0.0,990246.5548068014,515.8236561156118,16.76405229174365,1.1312814086024237,0.008399590231798272,0.0967741935483871,841.0,11.0,10.0,820.0,79.94296577946768,1630.4021539708258,1.2562183590821423,0.9025364997796714,2.8285015549044954,5.956326593441192,6.95913366350047,14.826913149590826,8.215352022582612,16.903473245474743,1.2562183590821423,2.8285015549044954,/home/aaa/data/qj/stable-baselines3-master/risk_curriculum_metadrive/outputs/gated_risk_proposed_nenv16_seed2_1m/runs/proposed_gated_risk_ppo_s2/config.json,/home/aaa/data/qj/stable-baselines3-master/risk_curriculum_metadrive/outputs/gated_risk_proposed_nenv16_seed2_1m/runs/proposed_gated_risk_ppo_s2/model/final_model.zip
gated_risk,refinement,proposed_gated_risk,ppo,2,none,ttc_threshold,10,10.0,,0.15,20000,20002,2,1.0,0.0,0.9892568044630976,0.0,0.0,0.0,0.0,1127.0,435.7403576402079,220.3586487160622,15.822874162741448,18.118165842166473,9.595023448568266,0.023957409050576754,0.0,989256.8044630976,494.5044379404564,23.747678948476803,2.6087123883459595,0.01809906515816255,0.031598513011152414,715.0,70.0,22.0,623.0,63.442768411712514,1445.8919781951352,1.158851604278492,0.9035499970195815,2.6556866010651086,5.124305723293219,8.219119755426437,17.947574105346582,9.377971359704928,20.445248510804962,1.158851604278492,2.6556866010651086,/home/aaa/data/qj/stable-baselines3-master/risk_curriculum_metadrive/outputs/gated_risk_proposed_nenv16_seed2_1m/runs/proposed_gated_risk_ppo_s2/config.json,/home/aaa/data/qj/stable-baselines3-master/risk_curriculum_metadrive/outputs/gated_risk_proposed_nenv16_seed2_1m/runs/proposed_gated_risk_ppo_s2/model/final_model.zip
gated_risk,refinement,proposed_gated_risk,ppo,2,none,ttc_threshold,10,10.0,,0.15,20000,20003,3,0.0,1.0,0.6663009887571765,1.0,1.0,0.0,0.0,1360.0,360.01831944704196,-115.4941878136532,11.99616881519793,12.73891632947139,2.906016339992484,0.03161764705882353,0.0,0.6663009887571765,452.5261666832094,31.748376866327238,2.749323412426925,0.01766066400317056,0.0018570102135561746,635.0,185.0,6.0,444.0,46.69117647058824,1403.233772434051,1.1177901881049312,0.9123845011345111,2.252095538278808,5.088883383432403,18.099423606530337,33.20868970331503,19.217213794635267,34.95197044831002,1.1177901881049312,2.252095538278808,/home/aaa/data/qj/stable-baselines3-master/risk_curriculum_metadrive/outputs/gated_risk_proposed_nenv16_seed2_1m/runs/proposed_gated_risk_ppo_s2/config.json,/home/aaa/data/qj/stable-baselines3-master/risk_curriculum_metadrive/outputs/gated_risk_proposed_nenv16_seed2_1m/runs/proposed_gated_risk_ppo_s2/model/final_model.zip
gated_risk,refinement,proposed_gated_risk,ppo,2,none,ttc_threshold,10,10.0,,0.15,20000,20004,4,1.0,0.0,0.9911659601765425,0.0,0.0,0.0,0.0,1008.0,415.73882833555376,223.69343850802858,17.916307263690957,18.40676858509966,17.928659108535957,0.00992063492063492,0.0,991165.9601765425,501.2041906758117,41.22881510004856,5.767914220939369,0.003650892474852569,0.0,857.0,13.0,1.0,843.0,85.01984126984127,1709.8819521928613,1.077171360188841,0.8930295007303357,2.2216099452634803,4.983933751645962,5.130010584209577,13.429459003236841,6.207181944398418,14.781421798397783,1.077171360188841,2.2216099452634803,/home/aaa/data/qj/stable-baselines3-master/risk_curriculum_metadrive/outputs/gated_risk_proposed_nenv16_seed2_1m/runs/proposed_gated_risk_ppo_s2/config.json,/home/aaa/data/qj/stable-baselines3-master/risk_curriculum_metadrive/outputs/gated_risk_proposed_nenv16_seed2_1m/runs/proposed_gated_risk_ppo_s2/model/final_model.zip
gated_risk,refinement,proposed_gated_risk,ppo,2,none,ttc_threshold,10,10.0,,0.15,20000,20005,5,1.0,0.0,0.9927717365820254,0.0,0.0,0.0,0.0,1347.0,517.8316473109355,249.8752178343832,15.451069873135928,18.038431812139542,8.73135353964263,0.002969561989606533,0.0,992771.7365820255,577.4600463599246,49.23587655183599,1.495599095214167,0.009739956197856158,0.00684931506849315,787.0,105.0,6.0,676.0,58.42613214550853,1362.8648509293946,1.3774548968565203,0.9625370003050193,4.523235594388102,6.227730321406844,14.837014778012806,30.14285130193457,16.214469674869328,32.02141169749666,1.3774548968565203,4.523235594388102,/home/aaa/data/qj/stable-baselines3-master/risk_curriculum_metadrive/outputs/gated_risk_proposed_nenv16_seed2_1m/runs/proposed_gated_risk_ppo_s2/config.json,/home/aaa/data/qj/stable-baselines3-master/risk_curriculum_metadrive/outputs/gated_risk_proposed_nenv16_seed2_1m/runs/proposed_gated_risk_ppo_s2/model/final_model.zip
gated_risk,refinement,proposed_gated_risk,ppo,2,none,ttc_threshold,10,10.0,,0.15,20000,20006,6,0.0,1.0,0.6801804446410477,1.0,1.0,0.0,0.0,820.0,326.9178289695096,36.043342205100615,17.283479778222727,18.32705599756121,11.915434081984468,0.0012195121951219512,0.0,0.6801804446410477,393.2180067746511,14.03779025035201,0.22501080435264675,0.0042027566874168224,0.008,640.0,22.0,1.0,617.0,78.04878048780488,1627.5958602444598,1.5842674208503988,0.9500774976913817,5.037922393239569,6.142315231263637,9.599063317266594,16.54546009740443,11.183330738116993,18.713633541483432,1.5842674208503988,5.037922393239569,/home/aaa/data/qj/stable-baselines3-master/risk_curriculum_metadrive/outputs/gated_risk_proposed_nenv16_seed2_1m/runs/proposed_gated_risk_ppo_s2/config.json,/home/aaa/data/qj/stable-baselines3-master/risk_curriculum_metadrive/outputs/gated_risk_proposed_nenv16_seed2_1m/runs/proposed_gated_risk_ppo_s2/model/final_model.zip
gated_risk,refinement,proposed_gated_risk,ppo,2,none,ttc_threshold,10,10.0,,0.15,20000,20007,7,1.0,0.0,0.9885012583151868,0.0,0.0,0.0,0.0,910.0,367.79926800638054,188.05452145777252,17.32598288034198,18.36808408438265,14.673670187895112,0.016483516483516484,0.0,988501.2583151868,437.44463982372787,18.099610733947756,2.403419246453264,0.01499537248916531,0.16363636363636364,726.0,10.0,19.0,697.0,79.78021978021978,1659.6385780210908,1.0344313319604894,0.8884454946382903,1.7161404495709571,4.705169454100528,5.865306010361694,10.771359453792682,6.899737342322184,12.413995445240275,1.0344313319604894,1.7161404495709571,/home/aaa/data/qj/stable-baselines3-master/risk_curriculum_metadrive/outputs/gated_risk_proposed_nenv16_seed2_1m/runs/proposed_gated_risk_ppo_s2/config.json,/home/aaa/data/qj/stable-baselines3-master/risk_curriculum_metadrive/outputs/gated_risk_proposed_nenv16_seed2_1m/runs/proposed_gated_risk_ppo_s2/model/final_model.zip
gated_risk,refinement,proposed_gated_risk,ppo,2,none,ttc_threshold,10,10.0,,0.15,20000,20008,8,0.0,1.0,0.4422559646719551,1.0,1.0,0.0,0.0,858.0,230.69718404425652,-84.91258473985947,12.105835432108115,17.913329243843812,1.708940241383636,0.06876456876456877,0.0,0.4422559646719551,287.70820847165936,57.582970265091326,6.050576969929338,0.014806061189801822,0.0,479.0,85.0,0.0,394.0,55.82750582750583,1664.8812438981345,1.1312475828485105,0.9251009905710816,2.08965160200023,5.059410018875496,11.425938125745077,19.2269490507897,12.557185708593586,21.245352550613458,1.1312475828485105,2.08965160200023,/home/aaa/data/qj/stable-baselines3-master/risk_curriculum_metadrive/outputs/gated_risk_proposed_nenv16_seed2_1m/runs/proposed_gated_risk_ppo_s2/config.json,/home/aaa/data/qj/stable-baselines3-master/risk_curriculum_metadrive/outputs/gated_risk_proposed_nenv16_seed2_1m/runs/proposed_gated_risk_ppo_s2/model/final_model.zip
gated_risk,refinement,proposed_gated_risk,ppo,2,none,ttc_threshold,10,10.0,,0.15,20000,20009,9,1.0,0.0,0.9885239483271885,0.0,0.0,0.0,0.0,898.0,356.440424008201,184.51778764446829,16.091187358812622,18.27648458785626,6.0668137782162415,0.07126948775055679,0.0,988523.9483271885,400.8305953601156,53.125367793689946,1.9120671002864238,0.04182744900908878,0.20809248554913296,701.0,22.0,60.0,619.0,78.06236080178174,1748.868494856799,1.0085779443546043,0.9001055004773661,1.323944205068983,2.2153853463532798,7.5830731092758255,13.435754452075344,8.591651053630429,14.562450651283141,1.0085779443546043,1.323944205068983,/home/aaa/data/qj/stable-baselines3-master/risk_curriculum_metadrive/outputs/gated_risk_proposed_nenv16_seed2_1m/runs/proposed_gated_risk_ppo_s2/config.json,/home/aaa/data/qj/stable-baselines3-master/risk_curriculum_metadrive/outputs/gated_risk_proposed_nenv16_seed2_1m/runs/proposed_gated_risk_ppo_s2/model/final_model.zip
gated_risk,refinement,proposed_gated_risk,ppo,2,none,ttc_threshold,10,10.0,,0.15,20000,20010,10,1.0,0.0,0.9890695511617711,0.0,0.0,0.0,0.0,960.0,389.4069052346578,219.79838000560738,16.722468675521768,18.248581246466706,11.314043066928807,0.0125,0.0,989069.5511617712,445.3063136364446,18.2228319236303,2.721063535405083,0.012223325527122993,0.04105571847507331,683.0,41.0,14.0,628.0,71.14583333333333,1533.7756934603278,0.9823275750325896,0.8799040006124415,1.387826592690544,2.41853380503016,5.168738161698154,8.587908946356036,6.151065736730743,9.526467584510101,0.9823275750325896,1.387826592690544,/home/aaa/data/qj/stable-baselines3-master/risk_curriculum_metadrive/outputs/gated_risk_proposed_nenv16_seed2_1m/runs/proposed_gated_risk_ppo_s2/config.json,/home/aaa/data/qj/stable-baselines3-master/risk_curriculum_metadrive/outputs/gated_risk_proposed_nenv16_seed2_1m/runs/proposed_gated_risk_ppo_s2/model/final_model.zip
gated_risk,refinement,proposed_gated_risk,ppo,2,none,ttc_threshold,10,10.0,,0.15,20000,20011,11,1.0,0.0,0.99183612220163,0.0,0.0,0.0,0.0,1154.0,454.83534486543533,183.0482931679282,17.176590797908784,18.362270383082432,15.255386026418833,0.032062391681109186,0.0,991836.12220163,550.0426695332942,48.56621381871029,0.02579344244890089,0.03017963952908846,0.18090452261306533,932.0,12.0,39.0,881.0,80.76256499133449,1694.4140002643667,0.9113394149021847,0.866856993525289,1.2439967002137562,1.8342418299289425,10.969342574265045,15.277153901115524,11.88068198916723,16.15246740111615,0.9113394149021847,1.2439967002137562,/home/aaa/data/qj/stable-baselines3-master/risk_curriculum_metadrive/outputs/gated_risk_proposed_nenv16_seed2_1m/runs/proposed_gated_risk_ppo_s2/config.json,/home/aaa/data/qj/stable-baselines3-master/risk_curriculum_metadrive/outputs/gated_risk_proposed_nenv16_seed2_1m/runs/proposed_gated_risk_ppo_s2/model/final_model.zip
gated_risk,refinement,proposed_gated_risk,ppo,2,none,ttc_threshold,10,10.0,,0.15,20000,20012,12,1.0,0.0,0.9914782881797821,0.0,0.0,0.0,0.0,1053.0,450.64916044923865,250.94652198711458,17.754436333267435,18.38844694943139,17.703782464216882,0.007597340930674264,0.0,991478.2881797822,518.7765460845857,39.827349883638455,4.295509652699519,0.004450561614208717,0.012987012987012988,852.0,20.0,4.0,828.0,80.91168091168092,1642.325595538937,0.8876625852298269,0.8511519990861416,1.1662211967632174,1.8966337235178803,4.9371398793820225,7.952738204039632,5.8248024646118495,8.886154994252138,0.8876625852298269,1.1662211967632174,/home/aaa/data/qj/stable-baselines3-master/risk_curriculum_metadrive/outputs/gated_risk_proposed_nenv16_seed2_1m/runs/proposed_gated_risk_ppo_s2/config.json,/home/aaa/data/qj/stable-baselines3-master/risk_curriculum_metadrive/outputs/gated_risk_proposed_nenv16_seed2_1m/runs/proposed_gated_risk_ppo_s2/model/final_model.zip
gated_risk,refinement,proposed_gated_risk,ppo,2,none,ttc_threshold,10,10.0,,0.15,20000,20013,13,1.0,0.0,0.9937119119767753,0.0,0.0,0.0,0.0,1462.0,607.9902874051239,294.2896080457897,16.551408618228514,18.264576606827333,9.397022337059168,0.008891928864569083,0.0,993711.9119767754,671.6276842827017,28.62844493730258,1.3553892350834342,0.00929200391431126,0.0375,1069.0,50.0,14.0,1005.0,73.11901504787961,1591.6556524046382,0.9029457755507067,0.8579919958719984,1.2199416392832063,1.927809559565504,9.574932394554905,15.383405137981754,10.47787817010561,16.30054024135461,0.9029457755507067,1.2199416392832063,/home/aaa/data/qj/stable-baselines3-master/risk_curriculum_metadrive/outputs/gated_risk_proposed_nenv16_seed2_1m/runs/proposed_gated_risk_ppo_s2/config.json,/home/aaa/data/qj/stable-baselines3-master/risk_curriculum_metadrive/outputs/gated_risk_proposed_nenv16_seed2_1m/runs/proposed_gated_risk_ppo_s2/model/final_model.zip
gated_risk,refinement,proposed_gated_risk,ppo,2,none,ttc_threshold,10,10.0,,0.15,20000,20014,14,1.0,0.0,0.9913701973626593,0.0,0.0,0.0,0.0,1125.0,471.22515948705086,240.5498012940866,17.281307474027102,18.244104504712563,13.584912574882086,0.0008888888888888889,0.0,991370.1973626594,539.5563419208189,28.508355314546378,3.493455027440217,0.006221893865085386,0.0035971223021582736,797.0,61.0,2.0,734.0,70.84444444444445,1477.1395275657078,0.6356439520216858,0.5788790003862232,0.932535991887562,1.5905788069358093,3.946388332393124,5.645748000824824,4.58203228441481,6.382476998260245,0.6356439520216858,0.932535991887562,/home/aaa/data/qj/stable-baselines3-master/risk_curriculum_metadrive/outputs/gated_risk_proposed_nenv16_seed2_1m/runs/proposed_gated_risk_ppo_s2/config.json,/home/aaa/data/qj/stable-baselines3-master/risk_curriculum_metadrive/outputs/gated_risk_proposed_nenv16_seed2_1m/runs/proposed_gated_risk_ppo_s2/model/final_model.zip
gated_risk,refinement,proposed_gated_risk,ppo,2,none,ttc_threshold,10,10.0,,0.15,20000,20015,15,1.0,0.0,0.9930463439272665,0.0,0.0,0.0,0.0,1181.0,523.3164279660284,292.58688277980525,17.985621721891047,18.425242977836184,17.924754238169864,0.00846740050804403,0.0,993046.3439272665,589.5336329912881,6.156940493390581,3.256040213673987,0.004881108602806206,0.26666666666666666,1003.0,8.0,7.0,988.0,84.92802709568163,1701.3448323733246,0.7187181023789561,0.7051430002320558,1.0296700056642294,1.6267293947748867,3.3565804056324864,5.758044993854128,4.075298508011443,6.594719001441263,0.7187181023789561,1.0296700056642294,/home/aaa/data/qj/stable-baselines3-master/risk_curriculum_metadrive/outputs/gated_risk_proposed_nenv16_seed2_1m/runs/proposed_gated_risk_ppo_s2/config.json,/home/aaa/data/qj/stable-baselines3-master/risk_curriculum_metadrive/outputs/gated_risk_proposed_nenv16_seed2_1m/runs/proposed_gated_risk_ppo_s2/model/final_model.zip
gated_risk,refinement,proposed_gated_risk,ppo,2,none,ttc_threshold,10,10.0,,0.15,20000,20016,16,0.0,1.0,0.7601138520506784,1.0,1.0,0.0,0.0,1450.0,406.9153997828046,-118.42352144379967,13.542903967172625,14.829376903955179,5.978354710346564,0.0,0.0,0.7601138520506784,544.4123517509532,38.35232712218957,0.2690403269894467,0.017215027548803996,0.01049317943336831,695.0,144.0,15.0,536.0,47.93103448275862,1276.605862752237,0.7478593813118942,0.7187105002230965,1.0346838978875894,1.6648985652136614,6.682719879518745,8.17179899167968,7.430579260830639,9.024712095560972,0.7478593813118942,1.0346838978875894,/home/aaa/data/qj/stable-baselines3-master/risk_curriculum_metadrive/outputs/gated_risk_proposed_nenv16_seed2_1m/runs/proposed_gated_risk_ppo_s2/config.json,/home/aaa/data/qj/stable-baselines3-master/risk_curriculum_metadrive/outputs/gated_risk_proposed_nenv16_seed2_1m/runs/proposed_gated_risk_ppo_s2/model/final_model.zip
gated_risk,refinement,proposed_gated_risk,ppo,2,none,ttc_threshold,10,10.0,,0.15,20000,20017,17,0.0,1.0,0.9094013812704523,1.0,1.0,0.0,0.0,1312.0,508.0224606500178,83.86679113174847,15.387430425494458,18.10232559134511,6.891132535128952,0.0,0.0,0.9094013812704523,560.2736157801011,19.78221455095223,0.5751010664209777,0.01061689932167334,0.013215859030837005,798.0,77.0,9.0,712.0,60.82317073170732,1424.3040855830752,0.6756752066216793,0.6211045038071461,0.9355969974421897,1.6390904408763376,5.266677884087474,7.20548050448997,5.942353090709154,7.941536799626192,0.6756752066216793,0.9355969974421897,/home/aaa/data/qj/stable-baselines3-master/risk_curriculum_metadrive/outputs/gated_risk_proposed_nenv16_seed2_1m/runs/proposed_gated_risk_ppo_s2/config.json,/home/aaa/data/qj/stable-baselines3-master/risk_curriculum_metadrive/outputs/gated_risk_proposed_nenv16_seed2_1m/runs/proposed_gated_risk_ppo_s2/model/final_model.zip
gated_risk,refinement,proposed_gated_risk,ppo,2,none,ttc_threshold,10,10.0,,0.15,20000,20018,18,0.0,0.0,0.9376796841186662,0.0,0.0,0.0,0.0,1500.0,589.720977755066,212.4363867497186,17.645570858609673,18.36453644823979,15.532166498523384,0.0,0.0,937679.6841186662,734.6658885399528,45.835270817683934,4.633709751291878,0.002380773254661932,0.0022988505747126436,1186.0,36.0,1.0,1149.0,79.06666666666666,1614.3392778954412,0.6624288317980245,0.595532008446753,0.9391677966050338,1.7359705887793098,7.2829652787962305,11.821730338124324,7.945394110594255,12.472508381324587,0.6624288317980245,0.9391677966050338,/home/aaa/data/qj/stable-baselines3-master/risk_curriculum_metadrive/outputs/gated_risk_proposed_nenv16_seed2_1m/runs/proposed_gated_risk_ppo_s2/config.json,/home/aaa/data/qj/stable-baselines3-master/risk_curriculum_metadrive/outputs/gated_risk_proposed_nenv16_seed2_1m/runs/proposed_gated_risk_ppo_s2/model/final_model.zip
gated_risk,refinement,proposed_gated_risk,ppo,2,none,ttc_threshold,10,10.0,,0.15,20000,20019,19,1.0,0.0,0.9908477134238217,0.0,0.0,0.0,0.0,1147.0,475.1554246626934,249.25633202283908,17.509711186048527,18.328009630728552,14.752923589818314,0.0052310374891020054,0.0,990847.7134238217,557.3466133530574,27.19534813139061,4.154456669158868,0.0033595655857158505,0.005235602094240838,892.0,35.0,2.0,855.0,77.76809067131649,1600.4403339488003,0.6735846658820674,0.6376410019584,0.978842105541844,1.4662276889430346,4.732391067875249,8.625577004568187,5.405975733757317,9.259729404584505,0.6735846658820674,0.978842105541844,/home/aaa/data/qj/stable-baselines3-master/risk_curriculum_metadrive/outputs/gated_risk_proposed_nenv16_seed2_1m/runs/proposed_gated_risk_ppo_s2/config.json,/home/aaa/data/qj/stable-baselines3-master/risk_curriculum_metadrive/outputs/gated_risk_proposed_nenv16_seed2_1m/runs/proposed_gated_risk_ppo_s2/model/final_model.zip
