#{"t_start": 1782821778.2357986, "env_id": "None"}
r,l,t,is_success,episode_cost,episode_base_reward,episode_shaped_reward,episode_collision,episode_crash_vehicle,episode_crash_object,episode_out_of_road,episode_route_completion,episode_length,episode_mean_speed,episode_mean_lane_deviation,episode_max_lane_deviation,episode_steering_variation,episode_accel_variation,episode_jerk,episode_ttc_risk,episode_min_ttc,shield_intervention,shield_soft,shield_hard,overspeed_guard,shield_intervention_rate,shield_soft_rate,shield_hard_rate,overspeed_guard_rate,curriculum_stage
-92.0903,600,4.518087,0.0,0.0,6.214560692201508,-92.0902996874119,0.0,0.0,0.0,0.0,0.0923735700340532,600,0.680732334791564,0.13239273044210295,0.22287852116639345,0.8157961501569176,0.8254948388319463,0.6341197645602127,0.0,nan,0,0,0,0,0.0,0.0,0.0,0.0,0.0
-91.872637,600,10.198716,0.0,0.0,5.380607210773064,-91.87263711135206,0.0,0.0,0.0,0.0,0.08970107362058727,600,0.700215398188646,0.07715863675151828,0.14197000558811898,0.8111603904267152,0.8111764960736036,0.5917855868736903,0.0,nan,0,0,0,0,0.0,0.0,0.0,0.0,0.0
-82.323784,600,13.67029,0.0,0.0,7.204889243031586,-82.32378364018989,0.0,0.0,0.0,0.0,0.13125804152329884,600,0.9769587939801105,0.32741875816572424,0.9950817104931436,0.7908961981690178,0.8142992574349046,0.6288405557721853,0.0,nan,0,0,0,0,0.0,0.0,0.0,0.0,0.0
-80.884299,600,19.184315,0.0,0.0,8.627569929021517,-80.88429873910812,0.0,0.0,0.0,0.0,0.1578115542794483,600,0.9610490520267767,0.24463386816961777,0.8079094410259242,0.8547367799437294,0.7422840859120091,0.5966707340131203,0.0,nan,0,0,0,0,0.0,0.0,0.0,0.0,0.0
-74.727162,600,22.732852,0.0,0.0,13.117962110621077,-74.7271624124207,0.0,0.0,0.0,0.0,0.19236912572180292,600,1.0772696648105522,0.05097458131239956,0.15504461528702088,0.7912192270842692,0.7977129619320233,0.6248759992420674,0.0,nan,0,0,0,0,0.0,0.0,0.0,0.0,0.0
-65.129708,600,28.335685,0.0,0.0,6.798965361140026,-65.12970773595683,0.0,0.0,0.0,0.0,0.22905434644490405,600,1.4475013479318455,1.3721860108034987,2.0,0.7636360493550698,0.6962886136770249,0.5688283148407937,0.0,nan,0,0,0,0,0.0,0.0,0.0,0.0,0.0
-65.776722,600,33.966416,0.0,0.0,13.415935380929062,-65.77672214814913,0.0,0.0,0.0,0.0,0.1985691725195532,600,1.310246458859769,0.21469134342709878,0.9926122809908173,0.8304973103230199,0.7435815025866032,0.5965962133804957,0.0,nan,0,0,0,0,0.0,0.0,0.0,0.0,0.0
-55.681355,600,37.554643,0.0,0.0,10.099115058163186,-55.681354932278985,0.0,0.0,0.0,0.0,0.2147239534127153,600,1.7204573100095093,0.8983473536368534,2.0,0.769599223608772,0.6891133190939823,0.5486063520610333,0.0,nan,0,0,0,0,0.0,0.0,0.0,0.0,0.0
-242.695136,464,42.491091,0.0,1.0,-0.4306207078448221,-242.6951363330926,0.0,0.0,0.0,1.0,0.2187744853869819,464,1.9936792190214876,0.8836888603938318,2.0,0.7928753097316829,0.6299401983490278,0.5177989214144904,0.0,nan,0,0,0,0,0.0,0.0,0.0,0.0,0.0
-39.647919,600,46.2746,0.0,0.0,14.913077849494845,-39.64791880866459,0.0,0.0,0.0,0.0,0.3394915041456763,600,2.2767061009791245,0.8451449931930736,2.0,0.7713772697746754,0.6462651103238265,0.5216379909714063,0.0,nan,0,0,0,0,0.0,0.0,0.0,0.0,0.0
-247.984058,600,52.202249,0.0,1.0,3.9990359923047656,-247.98405793102123,0.0,0.0,0.0,1.0,0.3437562667502589,600,2.247031780422903,1.1338369172603657,2.0,0.706587973497808,0.6341284858683746,0.5196299666166305,0.0,nan,0,0,0,0,0.0,0.0,0.0,0.0,0.0
-229.986584,374,54.547537,0.0,1.0,-1.0868537339804192,-229.98658449333487,0.0,0.0,0.0,1.0,0.20031959825123635,374,2.379681289570031,0.8087786163923696,2.0,0.793251053295671,0.607599913834888,0.5235892256950949,0.0,nan,0,0,0,0,0.0,0.0,0.0,0.0,0.0
-52.665015,600,60.424159,0.0,0.0,9.866738914297567,-52.665014977070015,0.0,0.0,0.0,0.0,0.1591252402716477,600,2.0147044328970116,0.5601242976926906,2.0,0.7840516391644875,0.6174623958518107,0.5014013649523258,0.0,nan,0,0,0,0,0.0,0.0,0.0,0.0,0.0
-31.06399,600,63.711399,0.0,0.0,21.598239635064886,-31.063990417632798,0.0,0.0,0.0,0.0,0.387688601166489,600,2.331320989860451,0.46309019488581477,2.0,0.7262973647440473,0.6091809841493766,0.5232149502635002,0.0,nan,0,0,0,0,0.0,0.0,0.0,0.0,0.0
-243.08383,571,69.988303,0.0,1.0,0.13233158585490656,-243.0838295841966,0.0,0.0,0.0,1.0,0.3359105729427017,571,2.1969277029275016,1.3643681474632652,2.0,0.7740467268706098,0.6386698203099379,0.5334710493396753,0.0,nan,0,0,0,0,0.0,0.0,0.0,0.0,0.0
-42.213336,600,73.245437,0.0,0.0,16.85086383738955,-42.213335818080644,0.0,0.0,0.0,0.0,0.2814251496363992,600,2.1103462565412334,0.7075150006784974,2.0,0.7815598998467127,0.6278424873451391,0.5376506809393565,0.0,nan,0,0,0,0,0.0,0.0,0.0,0.0,0.0
-32.07886,600,79.128019,0.0,0.0,12.448149567670916,-32.07885971169592,0.0,0.0,0.0,0.0,0.3849434794144616,600,2.4746319718594196,1.1062481532580435,2.0,0.7550165371720989,0.5900792043407758,0.495545131067435,0.0,nan,0,0,0,0,0.0,0.0,0.0,0.0,0.0
-26.200233,600,85.217534,0.0,0.0,17.518306936139904,-26.200232942453365,0.0,0.0,0.0,0.0,0.42671107835611066,600,2.5853650885938766,0.6823998296133916,1.504676801042212,0.7743395242777964,0.6226258755723635,0.4874787789583206,0.0,nan,0,0,0,0,0.0,0.0,0.0,0.0,0.0
-26.70832,600,88.587575,0.0,0.0,16.65422333464446,-26.70831975713874,0.0,0.0,0.0,0.0,0.4168435202779334,600,2.642577450096185,0.5786682461799059,1.591935220090158,0.818183744288981,0.6068278840184211,0.502170241077741,0.0,nan,0,0,0,0,0.0,0.0,0.0,0.0,0.0
-0.356938,600,94.738985,0.0,0.0,39.89858001223736,-0.3569378129523,0.0,0.0,0.0,0.0,0.5146236632790225,600,3.5262702659380336,0.343222154171127,0.6441122399647455,0.8183800154303511,0.5534356941779455,0.46630435178677243,0.0,nan,0,0,0,0,0.0,0.0,0.0,0.0,0.0
-7.850056,600,98.263212,0.0,0.0,20.95467063493261,-7.8500562378209535,0.0,0.0,0.0,0.0,0.5732051707958721,600,3.54829527656843,0.8617249439069663,1.896243153511174,0.7420863893379768,0.5417602858444055,0.45567920287450153,0.0,nan,0,0,0,0,0.0,0.0,0.0,0.0,0.0
-15.873193,600,103.936207,0.0,0.0,15.53023953996932,-15.873192917274112,0.0,0.0,0.0,0.0,0.4385380252194693,600,3.253107829201535,0.8182297905579873,2.0,0.7806166407341758,0.5520723345379035,0.4699353058139483,0.0,nan,0,0,0,0,0.0,0.0,0.0,0.0,0.0
-204.416882,139,104.929617,0.0,1.0,-3.359907040233667,-204.41688247961366,0.0,0.0,0.0,1.0,0.14113091000149577,139,3.997846140673302,0.5050202663774129,1.0414839175538375,0.6970460880145752,0.5355231905583855,0.4454855820257887,0.0,nan,0,0,0,0,0.0,0.0,0.0,0.0,0.0
-0.099131,600,110.830096,0.0,0.0,29.211699595195054,-0.09913119532168477,0.0,0.0,0.0,0.0,0.5234220878481306,600,3.6959773255320414,0.5609309568083078,1.3414527729944183,0.7838691533061987,0.5475724445283413,0.454140245616436,0.0,nan,0,0,0,0,0.0,0.0,0.0,0.0,0.0
9.036992,600,114.452031,0.0,0.0,37.89541531467025,9.036992085375243,0.0,0.0,0.0,0.0,0.6169526136577733,600,4.08813307860524,0.41498349247187094,0.9993495944117472,0.7493727266012381,0.5160578998426596,0.4008723743756612,0.0,nan,0,0,0,0,0.0,0.0,0.0,0.0,0.0
16.690127,800,122.653583,0.0,0.0,49.97292509540988,16.690127338438593,0.0,0.0,0.0,0.0,0.805596725628873,800,4.301664006942874,0.4668595626905021,0.9989171064801332,0.780740164462477,0.48479520037770274,0.4315764831006527,0.0,nan,0,0,0,0,0.0,0.0,0.0,0.0,1.0
-1.281952,800,131.543303,0.0,0.0,21.910777731100467,-1.2819517425746474,0.0,0.0,0.0,0.0,0.43375856299239046,800,5.0895157432930285,1.2808893284184544,2.0,0.7253209507092834,0.4478184895589948,0.38625843323767184,0.0,nan,0,0,0,0,0.0,0.0,0.0,0.0,1.0
-18.103382,616,136.274866,0.0,0.0,17.051008468582683,-18.103382196420068,0.0,0.0,0.0,0.0,0.16434945253839442,616,3.8543996570062307,1.1419974273500488,2.0,0.795706497172692,0.5113247543960423,0.4227129439641903,0.0,nan,0,0,0,0,0.0,0.0,0.0,0.0,0.0
40.05832,600,141.897974,0.0,0.0,45.81177836011648,40.05832047654672,0.0,0.0,0.0,0.0,0.9365442405549396,600,5.635758202387027,0.6090714274116921,1.4900649395255827,0.7591394702966014,0.4166107803583145,0.3960138903061549,0.0,nan,0,0,0,0,0.0,0.0,0.0,0.0,0.0
27.758465,600,147.767949,0.0,0.0,30.198547797202146,27.75846464947433,0.0,0.0,0.0,0.0,0.84510115695015,600,5.775516580565354,0.9660423348226405,2.0,0.7654029036437472,0.44333678056796394,0.3749429598450661,0.0,nan,0,0,0,0,0.0,0.0,0.0,0.0,0.0
108.878388,645,152.376398,1.0,0.0,67.76375785441414,108.87838821295033,0.0,0.0,0.0,0.0,0.9519225722445847,645,5.397467336280621,0.5462429305919764,1.3523087780077527,0.7803210295448008,0.4518220655677855,0.3727151218310807,0.0,nan,0,0,0,0,0.0,0.0,0.0,0.0,1.0
20.314333,800,160.845503,0.0,0.0,76.77192527478432,20.314332981535895,0.0,0.0,0.0,0.0,0.3650032558689912,800,5.598920808461062,0.4285907353314357,0.9963930524366493,0.7647097379527986,0.4545505104213953,0.38370297506451606,0.0,nan,0,0,0,0,0.0,0.0,0.0,0.0,1.0
16.765895,672,169.021734,0.0,0.0,38.91945473690908,16.76589495765212,0.0,0.0,0.0,0.0,0.4695012788044919,672,6.489458681406918,0.8284369135127185,2.0,0.7391460432582313,0.44490487226063297,0.37012489947179955,0.0,nan,0,0,0,0,0.0,0.0,0.0,0.0,0.0
100.914851,437,171.648138,1.0,0.0,40.742002867277336,100.91485126464622,0.0,0.0,0.0,0.0,0.9466087147856166,437,7.246802124153315,1.125823180510971,2.0,0.7495043461277092,0.39355395314895314,0.3528901751854327,0.0,nan,0,0,0,0,0.0,0.0,0.0,0.0,0.0
122.799771,326,173.74253,1.0,0.0,70.90656179980775,122.79977076429476,0.0,0.0,0.0,0.0,0.950368728147128,326,10.175429844743624,0.4649328149813471,1.5679112694465724,0.6717224762620736,0.34926329251447336,0.29869857009934503,0.0,nan,1,0,0,1,0.003067484662576687,0.0,0.0,0.003067484662576687,0.0
-153.005986,454,179.408605,0.0,1.0,31.572052035539222,-153.00598587215742,0.0,0.0,0.0,1.0,1.001939906817862,454,8.179699830306882,0.7684565642561273,1.976862223486524,0.7017416594968493,0.38497662872469895,0.3263313665263978,0.0,nan,0,0,0,0,0.0,0.0,0.0,0.0,1.0
72.427103,800,188.231524,0.0,0.0,128.98845894888564,72.42710300640978,0.0,0.0,0.0,0.0,0.6805622463257124,800,8.37756000790311,0.3191424126316067,0.9956033367941494,0.67912268566899,0.3966618672013283,0.3457296734303236,0.0,nan,1,0,0,1,0.00125,0.0,0.0,0.00125,1.0
57.997365,1000,202.237367,0.0,0.0,122.51694607510106,57.997364773968364,0.0,0.0,0.0,0.0,0.5721170631162761,1000,8.357093786614485,0.4550580363471223,1.5157502886928775,0.7131508250683546,0.3932774286866188,0.3454747700691223,0.0,nan,0,0,0,0,0.0,0.0,0.0,0.0,2.0
76.848233,1000,218.973857,0.0,0.0,158.8822198994166,76.8482326801971,0.0,0.0,0.0,0.0,0.452095596231499,1000,9.734198270074286,0.4004239815816646,0.9992572772103702,0.6815782073512673,0.37228582775592806,0.3198200356960297,0.0,nan,9,0,0,9,0.009,0.0,0.0,0.009,2.0
-195.048649,242,222.373327,0.0,1.0,14.298232235224791,-195.04864934894752,0.0,0.0,0.0,1.0,0.08698996454994877,242,8.110660736354323,0.5233335245949257,1.0306441123177756,0.6754293828155876,0.3752786608274318,0.31874097723606204,0.0,nan,0,0,0,0,0.0,0.0,0.0,0.0,2.0
-226.048837,800,234.665532,0.0,0.0,114.1154853526507,-226.04883724804296,0.0,0.0,0.0,0.0,0.47675090755470545,800,8.71635929273436,0.37200339543749306,1.027801485120893,0.6829434158373624,0.2851716609299183,0.2632653369009495,0.05738919755952485,2.029910226607585,76,14,62,0,0.095,0.0175,0.0775,0.0,1.0
58.465887,800,240.976558,0.0,0.0,135.71154497723597,58.46588711082054,0.0,0.0,0.0,0.0,0.8675576647397255,800,9.728608665970421,0.3605306281430474,1.0034011377551992,0.6785129380691797,0.32343930937349796,0.30238566651940346,0.00604134801735243,0.3371081932134159,5,0,5,0,0.00625,0.0,0.00625,0.0,1.0
-147.999697,476,247.188578,0.0,1.0,67.82708216224059,-147.999696870055,0.0,0.0,0.0,1.0,0.6694307195285011,476,12.997128547250481,0.5864052178618117,2.0,0.6390474355396103,0.3141837434357956,0.28507067626263916,0.0,nan,34,0,0,34,0.07142857142857142,0.0,0.0,0.07142857142857142,1.0
-134.201106,371,249.87869,0.0,1.0,54.15795261735737,-134.2011058248237,1.0,1.0,0.0,0.0,0.39090260052401044,371,11.44777584223029,0.390884675893072,1.0396275082093158,0.6366772779798251,0.2894994179514862,0.26235865952191006,0.0001639573828553018,11.270061731528196,3,1,0,2,0.008086253369272238,0.0026954177897574125,0.0,0.005390835579514825,0.0
133.774598,375,254.440092,1.0,0.0,93.89817575625953,133.77459792908613,0.0,0.0,0.0,0.0,0.9612665364307013,375,11.830961013650528,0.37423034330608,1.1164831744980441,0.6637470170060794,0.3125450382232666,0.3244126408894857,0.0,nan,9,0,0,9,0.024,0.0,0.0,0.024,1.0
92.095473,800,261.020986,0.0,0.0,165.02941330415854,92.09547335853154,0.0,0.0,0.0,0.0,0.5877719733251526,800,13.877200293819614,0.46871666566133446,0.9996104823323377,0.6800372333219274,0.2995782802253962,0.26193273477256296,0.0,nan,35,0,0,35,0.04375,0.0,0.0,0.04375,1.0
156.808351,752,270.323337,1.0,0.0,153.8514945580544,156.80835131709682,0.0,0.0,0.0,0.0,0.9816158512886093,752,12.409093859773318,0.4970305921938146,1.6346816596846845,0.698538579056634,0.25375136130667747,0.24120436434416062,0.0,nan,11,0,0,11,0.014627659574468085,0.0,0.0,0.014627659574468085,2.0
119.51199,1000,286.262851,0.0,0.0,221.3565590780165,119.51198984621536,0.0,0.0,0.0,0.0,0.6691958096014188,1000,13.807966428264859,0.42863992189329064,1.4329934610913282,0.6781960012465715,0.2660759063363075,0.25035943126678467,0.0002246030609045803,9.402292104698567,28,2,0,26,0.028,0.002,0.0,0.026,2.0
111.387073,962,303.80651,0.0,0.0,212.44210356038676,111.38707280985983,0.0,0.0,0.0,0.0,0.6124872416584568,962,13.744444900601206,0.42210565831799945,1.1169136743311845,0.6622539715039817,0.25811857548919886,0.2394688901435313,0.0006830762827574719,7.894924225326156,19,2,0,17,0.01975051975051975,0.002079002079002079,0.0,0.017671517671517672,1.0
177.306905,756,314.197796,1.0,0.0,190.2098978333537,177.3069051513998,0.0,0.0,0.0,0.0,0.9862194518182409,756,14.695000008478663,0.47762102534074613,0.9985452223795435,0.6353620367824401,0.2954946429168106,0.2624942272428482,0.0,nan,59,0,0,59,0.07804232804232804,0.0,0.0,0.07804232804232804,1.0
166.937187,634,319.592693,1.0,0.0,166.26983280860952,166.9371865493066,0.0,0.0,0.0,0.0,0.9949453568982508,634,14.60220455366577,0.4653903505887022,1.375638695855596,0.6356146726228461,0.30724478031182517,0.2754427865852693,0.0,nan,42,0,0,42,0.06624605678233439,0.0,0.0,0.06624605678233439,1.0
179.779865,825,329.781903,1.0,0.0,198.54215802729354,179.7798646524427,0.0,0.0,0.0,0.0,0.9860897228547464,825,13.933653050340117,0.43617317847247145,0.9987384345155071,0.6935753099846117,0.2619061790813099,0.2519173457405784,0.0,nan,25,0,0,25,0.030303030303030304,0.0,0.0,0.030303030303030304,2.0
65.921662,1000,350.782923,0.0,0.0,126.68115588061885,65.92166198632536,0.0,0.0,0.0,0.0,0.576753536521221,1000,12.504843365474475,0.7771025979728504,2.0,0.6490299508832396,0.32382594162225725,0.29096926540136336,0.000552955118898166,9.45889766389469,44,7,0,37,0.044,0.007,0.0,0.037,2.0
99.288882,1000,369.904914,0.0,0.0,167.26909258109407,99.28888163072878,0.0,0.0,0.0,0.0,0.836362513716761,1000,15.90703669591321,0.7990309685186799,2.0,0.6575523454025388,0.33101434779167177,0.31542254650592805,0.00012532485197798828,10.49610177626414,137,1,0,136,0.137,0.001,0.0,0.136,2.0
-178.923534,686,383.857572,0.0,1.0,119.27212648098262,-178.92353358363377,1.0,1.0,0.0,0.0,0.36684555804451846,686,15.28592685490459,0.7132348866951068,2.0,0.6064524405551721,0.312282395519251,0.2920488524019892,0.01728364270041819,0.5412815849298337,77,0,12,65,0.11224489795918367,0.0,0.01749271137026239,0.09475218658892129,1.0
67.120404,800,395.567271,0.0,0.0,97.34830571287078,67.12040436446176,0.0,0.0,0.0,0.0,0.8085068907033269,800,14.78714129207484,0.9307201861411025,2.0,0.6472784727532417,0.3180262114107609,0.2824223335087299,8.225302313884335e-05,11.589354877053792,81,3,0,78,0.10125,0.00375,0.0,0.0975,1.0
-180.416894,320,398.739053,0.0,1.0,23.076965781394705,-180.41689383460033,0.0,0.0,0.0,1.0,0.34059596348518095,320,13.961027687407945,0.901978226569056,2.0,0.6440673498378601,0.30496702846139667,0.2862189695239067,0.0,nan,21,0,0,21,0.065625,0.0,0.0,0.065625,1.0
-115.660501,674,406.939951,0.0,1.0,115.75755427554282,-115.6605010688812,0.0,0.0,0.0,1.0,0.9496455573529352,674,15.34820235306661,0.6478766265221664,1.831353194387838,0.6770437277344993,0.3134173229999995,0.293293819848437,0.0,nan,61,0,0,61,0.09050445103857567,0.0,0.0,0.09050445103857567,1.0
-161.854542,306,409.414929,0.0,1.0,56.78603706469572,-161.8545423368619,0.0,0.0,0.0,1.0,0.39775453565295227,306,15.054429649720928,0.5194139686539988,1.4106904047293483,0.6455571092908678,0.301089281155393,0.28021740835476544,0.00016102230871781748,11.408726082388174,34,1,0,33,0.1111111111111111,0.0032679738562091504,0.0,0.10784313725490197,1.0
137.310299,800,419.241425,0.0,0.0,232.2127402905818,137.3102992090021,0.0,0.0,0.0,0.0,0.8489977086785875,800,15.282272213914254,0.35474218334290725,1.8703751466569538,0.6120867409184575,0.31545877739787104,0.2804962269961834,0.0,nan,71,0,0,71,0.08875,0.0,0.0,0.08875,1.0
174.116968,757,425.986621,1.0,0.0,185.05510741628856,174.11696828899028,0.0,0.0,0.0,0.0,0.9853183186549747,757,15.695015182946634,0.5328881150907573,1.887728332626448,0.6569695057866596,0.3304896523174553,0.3116053092432463,0.0,nan,94,0,0,94,0.12417437252311757,0.0,0.0,0.12417437252311757,1.0
90.066769,800,435.912688,0.0,0.0,165.7553196482508,90.06676889868906,0.0,0.0,0.0,0.0,0.5059707439847613,800,13.930341429738887,0.603716978684082,2.0,0.6567647609952837,0.27194103606045245,0.26560561612248423,0.0,nan,29,0,0,29,0.03625,0.0,0.0,0.03625,1.0
-109.075899,691,447.059232,0.0,1.0,144.8947362165876,-109.07589858509262,0.0,0.0,0.0,1.0,0.7503398299112676,691,14.823862456896075,0.4850468074280882,1.985795799093546,0.6781072081666434,0.25992749974282536,0.23127987553862864,0.0,nan,33,0,0,33,0.04775687409551375,0.0,0.0,0.04775687409551375,2.0
-170.337764,272,452.089959,0.0,1.0,53.49602087171787,-170.33776426904288,0.0,0.0,0.0,1.0,0.1830191420098854,272,15.034389984034012,0.42834210573554987,1.0980385222712759,0.5926075212876586,0.3115906421752537,0.31037905768436547,0.0,nan,26,0,0,26,0.09558823529411764,0.0,0.0,0.09558823529411764,2.0
134.200687,1000,470.189943,0.0,0.0,248.92768297413002,134.2006869444719,0.0,0.0,0.0,0.0,0.6653831594509858,1000,15.440898809614517,0.44833764965598794,2.0,0.6503344608694315,0.3133669605851173,0.2966684421300888,4.0368852588756e-05,11.515573768934928,108,1,0,107,0.108,0.001,0.0,0.107,2.0
-116.04708,800,484.438964,0.0,0.0,199.86343571191915,-116.04708042514798,0.0,0.0,0.0,0.0,0.6432093105781725,800,14.195545677829962,0.3705637875238738,1.3811870442803242,0.6073222394892945,0.312492950335145,0.2872662071883678,0.04624113872620025,0.4939082649633666,139,1,48,90,0.17375,0.00125,0.06,0.1125,1.0
109.12669,800,495.789402,0.0,0.0,190.9189760704478,109.12668969349956,0.0,0.0,0.0,0.0,0.6709908446988253,800,16.13299581305617,0.5056664544892037,2.0,0.6460276866331697,0.3133011228591204,0.2837719511985779,0.0,nan,107,0,0,107,0.13375,0.0,0.0,0.13375,1.0
-87.400996,987,508.129992,0.0,1.0,181.66777898250066,-87.40099583045348,0.0,0.0,0.0,1.0,0.9466508690907025,987,15.128710349230369,0.5879162984894617,2.0,0.6297580774009167,0.3110537710764729,0.28464122697816674,0.0,nan,81,0,0,81,0.08206686930091185,0.0,0.0,0.08206686930091185,2.0
-126.432293,570,516.161156,0.0,1.0,141.86521721110304,-126.4322929828705,0.0,0.0,0.0,1.0,0.4187442726276651,570,15.676969382546408,0.4294733461261987,2.0,0.6060519288048932,0.312159288138674,0.2980915529686108,0.0013671647507673883,7.613487949682868,77,4,0,73,0.13508771929824562,0.007017543859649123,0.0,0.1280701754385965,2.0
-21.240787,1000,533.019554,0.0,0.0,238.52379836252172,-21.240786660686823,0.0,0.0,0.0,0.0,0.5840171265375647,1000,14.193056198600347,0.3848585931379144,1.3183696041469426,0.6043824934698642,0.25434796285629274,0.26732209968566895,0.024080974035671488,0.8590692966815525,86,2,30,54,0.086,0.002,0.03,0.054,2.0
133.402489,1000,551.427438,0.0,0.0,246.15253956008954,133.4024894580173,0.0,0.0,0.0,0.0,0.6741349401245734,1000,15.817293457077808,0.4539776776123082,0.9984697512733453,0.6077270752303302,0.2699445417523384,0.2710032777786255,0.00021721790374295993,10.422554904625603,109,3,0,106,0.109,0.003,0.0,0.106,2.0
-138.065257,421,560.987367,0.0,1.0,109.41134254980179,-138.06525668814913,0.0,0.0,0.0,1.0,0.34246714722663396,421,15.727869802329993,0.3701879317971582,1.08758865382332,0.576741936530325,0.29794683422442003,0.26854964984567603,0.0,nan,45,0,0,45,0.10688836104513064,0.0,0.0,0.10688836104513064,2.0
-178.87371,245,564.602841,0.0,1.0,34.56548923334007,-178.87371049189102,0.0,0.0,0.0,1.0,0.1989891723293621,245,15.392511160201927,0.4086900462736259,1.0626586910780391,0.627470956256195,0.28674103435204956,0.26962446436590076,0.0,nan,24,0,0,24,0.09795918367346938,0.0,0.0,0.09795918367346938,1.0
-203.119014,45,565.480534,0.0,1.0,-7.018159304193038,-203.11901382903244,0.0,0.0,0.0,1.0,0.03700237107688729,45,9.310538437145908,0.4374746232702394,1.028646893662632,0.6135281029674742,0.19523050520155166,0.1939016924964057,0.0,nan,0,0,0,0,0.0,0.0,0.0,0.0,1.0
-199.413449,69,566.668851,0.0,1.0,0.1716369476405344,-199.41344857215668,0.0,0.0,0.0,1.0,0.04968792562628247,69,10.594310235908429,0.38400988531520774,1.0917366633984475,0.7902314811944962,0.1395139521446781,0.1401116398797519,0.0,nan,0,0,0,0,0.0,0.0,0.0,0.0,1.0
-178.348262,192,569.13464,0.0,1.0,26.957420730478034,-178.34826176663415,0.0,0.0,0.0,1.0,0.2847953442885125,192,13.467937095876882,0.3950484724842176,1.0304534040563764,0.676187371990333,0.24096351116895676,0.21847430927058062,0.0,nan,6,0,0,6,0.03125,0.0,0.0,0.03125,1.0
-203.631299,44,569.711425,0.0,1.0,-6.931193610303517,-203.63129851711,0.0,0.0,0.0,1.0,0.022181369344750863,44,7.59412858896204,0.3527035230116143,1.0852775264886176,0.7513979619199579,0.20846881649710916,0.25652744553305884,0.0,nan,0,0,0,0,0.0,0.0,0.0,0.0,1.0
-192.219888,113,571.345211,0.0,1.0,12.660171407825153,-192.21988762468408,0.0,0.0,0.0,1.0,0.08394207311907559,113,12.403149517890867,0.2911850138184366,1.0866751591589199,0.6196760656559361,0.18155546473190848,0.1762958079312755,0.0,nan,2,0,0,2,0.017699115044247787,0.0,0.0,0.017699115044247787,1.0
175.838164,636,579.988039,1.0,0.0,185.20667194672544,175.838163795053,0.0,0.0,0.0,0.0,0.9813533787842841,636,16.350113626553878,0.4114632562529019,0.998796523603872,0.638798843811518,0.3784308740927738,0.3107856650772335,0.0,nan,99,0,0,99,0.15566037735849056,0.0,0.0,0.15566037735849056,1.0
-138.695305,329,584.580781,0.0,1.0,83.9543425928317,-138.69530471895587,0.0,0.0,0.0,1.0,0.6176420734892967,329,15.640831374404941,0.3416433728846263,1.0535924866982531,0.6786138002723908,0.21337616081295768,0.2069007680046522,0.0,nan,24,0,0,24,0.0729483282674772,0.0,0.0,0.0729483282674772,1.0
142.84385,800,594.507026,0.0,0.0,236.07657042809612,142.84384979289905,0.0,0.0,0.0,0.0,0.9567500867333381,800,15.593538028040191,0.29936518434928155,1.4833262650527541,0.6720251122117042,0.30164562687277796,0.27269135490059854,0.0,nan,84,0,0,84,0.105,0.0,0.0,0.105,1.0
-194.814617,93,595.306377,0.0,1.0,7.306572906230318,-194.81461656107953,0.0,0.0,0.0,1.0,0.08515935101961825,93,11.909694606516021,0.38685379459553737,1.059697176924186,0.7455577936864668,0.19839012622833252,0.1742406673328851,0.0,nan,2,0,0,2,0.021505376344086023,0.0,0.0,0.021505376344086023,1.0
-180.24802,198,597.21285,0.0,1.0,30.09637662424715,-180.24801970319442,0.0,0.0,0.0,1.0,0.19603527406999605,198,14.709696716060787,0.41389764688838443,1.6523892738686543,0.5771469269135986,0.32258614446177625,0.29085207045680345,0.0,nan,26,0,0,26,0.13131313131313133,0.0,0.0,0.13131313131313133,1.0
-141.666317,397,602.729466,0.0,1.0,81.61738438138876,-141.66631672848467,0.0,0.0,0.0,1.0,0.6067456057265106,397,14.755505694976133,0.41031068700005674,1.0352542494990142,0.6767510075300407,0.25924434754950576,0.2507094385041398,0.0,nan,21,0,0,21,0.05289672544080604,0.0,0.0,0.05289672544080604,1.0
-103.732649,565,607.820236,0.0,1.0,165.48060647391836,-103.73264891371964,0.0,0.0,0.0,1.0,0.5645324254007626,565,15.631785884574473,0.28887175722892694,1.0476509534770406,0.6334202524703161,0.28728991261625714,0.26983263387089285,0.0,18.789058989006495,59,0,0,59,0.10442477876106195,0.0,0.0,0.10442477876106195,1.0
171.895442,527,614.469512,1.0,0.0,171.45010580381245,171.89544155556217,0.0,0.0,0.0,0.0,0.980926353571538,527,16.057781413829982,0.3406045671857342,0.9988528114651302,0.5640688956038323,0.3236727817461206,0.28110923667560267,0.0,nan,71,0,0,71,0.1347248576850095,0.0,0.0,0.1347248576850095,2.0
154.271378,1000,632.329603,0.0,0.0,272.6237985317389,154.27137849062396,0.0,0.0,0.0,0.0,0.8584283971355743,1000,15.200244686785057,0.378947201500325,0.9997435608684111,0.646433195091784,0.2959446896314621,0.28638403356075287,0.0,nan,95,0,0,95,0.095,0.0,0.0,0.095,2.0
-143.774876,684,645.115487,0.0,1.0,99.24232435525616,-143.77487569054858,0.0,0.0,0.0,1.0,0.46691684145463946,684,15.231947431647361,0.8484108629383518,2.0,0.6649475017377333,0.3191042979035461,0.2976931284742746,0.0,nan,81,0,0,81,0.11842105263157894,0.0,0.0,0.11842105263157894,2.0
-193.86854,125,647.317376,0.0,1.0,9.908391143823422,-193.86853982041794,0.0,0.0,0.0,1.0,0.08696618913856169,125,13.816006343280629,0.5535692064722058,1.4621537702188165,0.6601098804473877,0.26834396076202394,0.29055941772460936,0.0,16.864831244792992,11,0,0,11,0.088,0.0,0.0,0.088,2.0
-42.884843,861,663.756881,0.0,0.0,45.84280529787344,-42.88484334109262,0.0,0.0,0.0,0.0,0.23276497049273503,861,6.607042196788477,1.0762814263154366,2.0,0.5208755977901778,0.2934997532425857,0.2689340535495062,0.0,19.05750526523311,14,0,0,14,0.016260162601626018,0.0,0.0,0.016260162601626018,1.0
132.382306,800,675.20909,0.0,0.0,225.9492224989307,132.38230579673146,0.0,0.0,0.0,0.0,0.8197342423926168,800,16.132606670421026,0.3823932389077618,1.0067791171687346,0.6291579773277044,0.331687166839838,0.30303452268242836,0.0,14.472996136741058,108,0,0,108,0.135,0.0,0.0,0.135,1.0
212.775127,804,684.798511,1.0,0.0,265.30207746317535,212.7751268843207,0.0,0.0,0.0,0.0,0.9884821528154876,804,16.7410493860967,0.37166858015825704,0.9941373300137551,0.6499669711888578,0.34963518395945803,0.33390818395424837,0.00012218930455873555,10.82111758961732,150,1,0,149,0.1865671641791045,0.0012437810945273632,0.0,0.1853233830845771,2.0
151.054547,1000,700.593216,0.0,0.0,280.7801647757546,151.05454678915842,0.0,0.0,0.0,0.0,0.9202419927465171,1000,16.081973323696,0.378608910630895,1.1975841648873071,0.6213087466731667,0.33462761491537096,0.3299438552856445,0.0016237275524573996,4.176379434830307,161,0,3,158,0.161,0.0,0.003,0.158,2.0
-121.822844,313,705.740894,0.0,1.0,87.17450703723783,-121.82284402240123,1.0,1.0,0.0,0.0,0.2455721454011249,313,15.263723136922337,0.28545324578808634,0.8634713078842959,0.6330940675811646,0.2861406098539456,0.29513392433190877,0.0,nan,36,0,0,36,0.11501597444089456,0.0,0.0,0.11501597444089456,2.0
-78.895359,1000,724.304511,0.0,0.0,254.41418538739032,-78.89535920244771,0.0,0.0,0.0,0.0,0.8577162732379783,1000,15.35193115370284,0.4176779652625778,0.9961052535770902,0.6199682866334915,0.34449473190307617,0.34034462797641757,0.0361739739816783,0.4131094136879925,214,1,46,167,0.214,0.001,0.046,0.167,2.0
-139.288574,674,738.603188,0.0,1.0,131.9719920314461,-139.28857373851952,0.0,0.0,0.0,1.0,0.5852190472946925,674,15.338567299269084,0.482694430558393,1.6200646709561395,0.6525853629436797,0.3202017536856654,0.3125388197799818,0.004030767883389874,2.5314870632959043,102,4,3,95,0.1513353115727003,0.005934718100890208,0.004451038575667656,0.14094955489614244,2.0
73.226902,800,755.026141,0.0,0.0,125.7499945807069,73.22690154403253,0.0,0.0,0.0,0.0,0.5849115375516114,800,16.212747306276572,0.7174479439192772,2.0,0.6312598137231543,0.30738237470388413,0.31754796668887136,0.0,27.28878360296198,113,0,0,113,0.14125,0.0,0.0,0.14125,1.0
169.601709,576,761.435101,1.0,0.0,170.06169713327895,169.60170932304084,0.0,0.0,0.0,0.0,0.98178971353038,576,16.575180290958404,0.44728003499082924,0.9996348088965161,0.6019234217108331,0.3736921888258722,0.3415035891036193,0.0,nan,111,0,0,111,0.19270833333333334,0.0,0.0,0.19270833333333334,1.0
-169.887217,1000,773.909834,0.0,0.0,200.59617332089456,-169.88721714659405,0.0,0.0,0.0,0.0,0.7977655009145527,1000,14.00154882257466,0.5650264594611334,2.0,0.6302476047389209,0.28739247655868533,0.2723717473745346,0.045802238441954655,0.1137661740353592,176,5,65,106,0.176,0.005,0.065,0.106,2.0
-144.394571,897,790.005724,1.0,0.0,257.10975742528103,-144.39457102062897,0.0,0.0,0.0,0.0,0.9876561942304225,897,14.605995855059305,0.3404199550590879,1.020479605399829,0.6108383832949992,0.3395018334372785,0.32369220695368023,0.06334557534780454,0.0840533207339077,236,0,80,156,0.2630992196209587,0.0,0.08918617614269789,0.17391304347826086,2.0
163.62995,1100,811.47945,0.0,0.0,330.49796127979494,163.6299498929351,0.0,0.0,0.0,0.0,0.7014022338074667,1100,16.32832726047907,0.3639830479318988,0.99934174225524,0.5856245832450011,0.38010373039679096,0.3624698382074183,0.0017151342765959273,3.95104628249719,217,0,3,214,0.19727272727272727,0.0,0.0027272727272727275,0.19454545454545455,3.0
